{"about": "NVDA", "count": 1000, "key": "NVDA", "list": [{"blocked": false, "blocking": false, "canEdit": false, "commentId": 378357724, "controversial": false, "created_at": 1758350451000, "description": "\u56de\u590d<a href=\"https://xueqiu.com/n/\u798f\u76c8168\" target=\"_blank\">@\u798f\u76c8168</a>: \u4e2d\u56fd\u7684\u5e02\u573a\u5927\u8fd8\u662f\u56fd\u5916\u5e02\u573a\u5927\uff1f\u82f1\u4f1f\u8fbe\u7684\u4e1a\u7ee9\u8d21\u732e\u7684\u5e02\u573a\u4e3b\u8981\u6765\u81ea\u54ea\u91cc\uff1f//<a href=\"https://xueqiu.com/n/\u798f\u76c8168\" target=\"_blank\">@\u798f\u76c8168</a>:\u56de\u590d<a href=\"https://xueqiu.com/n/MaggiaZZ\" target=\"_blank\">@MaggiaZZ</a>:<a href=\"https://xueqiu.com/S/SZ300308\" target=\"_blank\">$\u4e2d\u9645\u65ed\u521b(SZ300308)$</a> \u7684\u56fd\u5185\u6536\u5165\u8fd8\u4e0d\u523015%\uff0c85%\u4ee5\u4e0a\u6536\u5165\u6765\u81ea\u5317\u7f8e\u7684\u4e92\u8054\u7f51\u4e91\u8ba1\u7b97\u5382\u5546\u6216\u7b97\u529b\u79df\u8d41\u5382\u5546\u4f8b\u5982\u8c37\u6b4c\u3001AWS\u3001Meta\u3001Orcale\u548c\u5fae\u8f6f\uff0c\u8fd9\u4e9b\u5927\u5ba2\u6237\u7528\u4e8eAI\u6570\u636e\u4e2d\u5fc3\u57fa\u7840\u8bbe\u65bd\u7684\u8d44\u672c\u5f00\u652f\u589e...", "donate_count": 0, "donate_snowcoin": 0, "editable": false, "expend": true, "fav_count": 0, "favorited": false, "flags": 1236950581248, "hot": false, "id": 353623770, "is_answer": false, "is_bonus": false, "is_refused": false, "is_reward": false, "is_ss_multi_pic": false, "legal_user_visible": false, "like_count": 0, "liked": false, "mark": 0, "pic": "", "promotion_id": 0, "reply_count": 0, "retweet_count": 0, "retweet_status_id": 353619048, "retweeted_status": {"blocked": false, "blocking": false, "canEdit": true, "commentId": 0, "controversial": false, "created_at": 1758345298000, "description": "\u534e\u4e3a\u8d85\u8282\u70b9\u53d1\u5e03\uff0c\u7528\u7684\u662f400G\u5149\u6a21\u5757\uff0c400g\u5149\u6a21\u5757\u884c\u4e1a\u5df2\u7ecf\u975e\u5e38\u5377\u4e86\uff0c\u82f1\u4f1f\u8fbe\u7684\u7b97\u529b\u4e3b\u8981\u7528\u4e8e\u56fd\u5185\u4e1a\u52a1\uff0c\u7981\u6b62\u82f1\u4f1f\u8fbe\uff0c\u90a3\u4e48\u4e30\u539a\u7684\u5229\u6da6\u5c31\u4e0d\u7528\u518d\u60f3\u4e86\uff0c\u5012\u63a8\u56fd\u5185\u4e24\u6761\u67b6\u6784\u4e3b\u7ebf\uff0c\u4e2d\u9645\u65ed\u521b\u8fd9\u6837\u7684\u9f99\u4e00\u516c\u53f8\u5fc5\u987b\u8ddf\u56fd\u5185\u5e02\u573a\u5377\u4ef7\u683c\uff01<a href=\"https://xueqiu.com/k?q=%23%E4%B8%AD%E9%99%85%E6%97%AD%E5%88%9B%23\" target=\"_blank\">#\u4e2d\u9645\u65ed\u521b#</a>", "donate_count": 0, "donate_snowcoin": 0, "editable": true, "edited_at": 1758345500000, "expend": false, "fav_count": 0, "favorited": false, "flags": 36028934457917440, "hot": false, "id": 353619048, "is_answer": false, "is_bonus": false, "is_refused": false, "is_reward": false, "is_ss_multi_pic": false, "legal_user_visible": false, "like_count": 0, "liked": false, "mark": 0, "pic": "", "promotion_id": 0, "reply_count": 4, "retweet_count": 0, "retweet_status_id": 0, "reward_count": 0, "reward_user_count": 0, "rqid": 0, "source": "iPhone", "source_feed": false, "source_link": "http://xueqiu.com/about/mobile-xueqiu", "target": "/2356683138/353619048", "text": "\u534e\u4e3a\u8d85\u8282\u70b9\u53d1\u5e03\uff0c\u7528\u7684\u662f400G\u5149\u6a21\u5757\uff0c400g\u5149\u6a21\u5757\u884c\u4e1a\u5df2\u7ecf\u975e\u5e38\u5377\u4e86\uff0c\u82f1\u4f1f\u8fbe\u7684\u7b97\u529b\u4e3b\u8981\u7528\u4e8e\u56fd\u5185\u4e1a\u52a1\uff0c\u7981\u6b62\u82f1\u4f1f\u8fbe\uff0c\u90a3\u4e48\u4e30\u539a\u7684\u5229\u6da6\u5c31\u4e0d\u7528\u518d\u60f3\u4e86\uff0c\u5012\u63a8\u56fd\u5185\u4e24\u6761\u67b6\u6784\u4e3b\u7ebf\uff0c\u4e2d\u9645\u65ed\u521b\u8fd9\u6837\u7684\u9f99\u4e00\u516c\u53f8\u5fc5\u987b\u8ddf\u56fd\u5185\u5e02\u573a\u5377\u4ef7\u683c\uff01<a href=\"https://xueqiu.com/k?q=%23%E4%B8%AD%E9%99%85%E6%97%AD%E5%88%9B%23\" target=\"_blank\">#\u4e2d\u9645\u65ed\u521b#</a>", "timeBefore": "\u4eca\u5929 13:14", "title": "", "trackJson": "{\"fav_count\":0,\"created_at\":1758345298000,\"reply_count\":4,\"client_name\":\"iPhone\",\"retweet_count\":0,\"reward_count\":0}", "truncated": false, "truncated_by": 0, "type": "0", "user": {"allow_all_stock": false, "block_status": 0, "blocking": false, "city": "\u6df1\u5733", "common_count": 0, "description": "\u505a\u4e00\u4e2a\u667a\u6167\uff0c\u52c7\u6562\uff0c\u81ea\u4fe1\uff0c\u70ed\u7231\u751f\u6d3b\u7684\u7f8e\u5973\u4eba\u2764\ufe0f", "donate_count": 0, "follow_me": false, "followers_count": 17, "following": false, "fortuneUser": false, "friends_count": 4, "gender": "f", "id": 2356683138, "last_comment_id": 378346984, "last_status_id": 353619048, "photo_domain": "http://xavatar.imedao.com/", "profile": "/2356683138", "profile_image_url": "community/20257/1754762674042-1754762674614.jpg,community/20257/1754762674042-1754762674614.jpg!180x180.png,community/20257/1754762674042-1754762674614.jpg!50x50.png,community/20257/1754762674042-1754762674614.jpg!30x30.png", "province": "\u5e7f\u4e1c", "screen_name": "MaggiaZZ", "st_color": "1", "status": 0, "status_count": 24, "step": "null", "subscribeable": false, "type": "1", "user": {"allow_all_stock": false, "anonymous": false, "areaCode": "86", "blocking": false, "city": "\u6df1\u5733", "created_at": 1649059803308, "description": "\u505a\u4e00\u4e2a\u667a\u6167\uff0c\u52c7\u6562\uff0c\u81ea\u4fe1\uff0c\u70ed\u7231\u751f\u6d3b\u7684\u7f8e\u5973\u4eba\u2764\ufe0f", "donate_count": 0, "donate_snowcoin": 0, "follow_me": false, "followers_count": 17, "following": false, "friends_count": 4, "gender": "f", "id": 2356683138, "last_comment_id": 378346984, "last_status_id": 353619048, "photo_domain": "http://xavatar.imedao.com/", "profile": "/2356683138", "profile_image_url": "community/20257/1754762674042-1754762674614.jpg,community/20257/1754762674042-1754762674614.jpg!180x180.png,community/20257/1754762674042-1754762674614.jpg!50x50.png,community/20257/1754762674042-1754762674614.jpg!30x30.png", "province": "\u5e7f\u4e1c", "screen_name": "MaggiaZZ", "st_color": "1", "status": 0, "status_count": 24, "step": "null", "truncated": false, "type": "1", "verified": false, "verified_description": "", "verified_type": 0}, "verified": false, "verified_description": "", "verified_realname": false, "verified_type": 0}, "user_id": 2356683138, "view_count": 1905}, "reward_count": 0, "reward_user_count": 0, "rqid": 0, "source": "iPhone", "source_feed": false, "source_link": "http://xueqiu.com/about/mobile-xueqiu", "target": "/2356683138/353623770", "text": "\u56de\u590d<a href=\"https://xueqiu.com/n/\u798f\u76c8168\" target=\"_blank\">@\u798f\u76c8168</a>: \u4e2d\u56fd\u7684\u5e02\u573a\u5927\u8fd8\u662f\u56fd\u5916\u5e02\u573a\u5927\uff1f\u82f1\u4f1f\u8fbe\u7684\u4e1a\u7ee9\u8d21\u732e\u7684\u5e02\u573a\u4e3b\u8981\u6765\u81ea\u54ea\u91cc\uff1f//<a href=\"https://xueqiu.com/n/\u798f\u76c8168\" target=\"_blank\">@\u798f\u76c8168</a>:\u56de\u590d<a href=\"https://xueqiu.com/n/MaggiaZZ\" target=\"_blank\">@MaggiaZZ</a>:<a href=\"https://xueqiu.com/S/SZ300308\" target=\"_blank\">$\u4e2d\u9645\u65ed\u521b(SZ300308)$</a> \u7684\u56fd\u5185\u6536\u5165\u8fd8\u4e0d\u523015%\uff0c85%\u4ee5\u4e0a\u6536\u5165\u6765\u81ea\u5317\u7f8e\u7684\u4e92\u8054\u7f51\u4e91\u8ba1\u7b97\u5382\u5546\u6216\u7b97\u529b\u79df\u8d41\u5382\u5546\u4f8b\u5982\u8c37\u6b4c\u3001AWS\u3001Meta\u3001Orcale\u548c\u5fae\u8f6f\uff0c\u8fd9\u4e9b\u5927\u5ba2\u6237\u7528\u4e8eAI\u6570\u636e\u4e2d\u5fc3\u57fa\u7840\u8bbe\u65bd\u7684\u8d44\u672c\u5f00\u652f\u589e\u901f\u8fdc\u9ad8\u4e8e\u56fd\u5185\uff0c\u65ed\u521b\u76841.6T\u548c800G\u8ba2\u5355\u63a5\u5230\u624b\u8f6f\uff0c\u4f60\u89c9\u5f97\u4ed6\u8fd8\u6709\u591a\u5c11\u5174\u8da3\u3001\u7cbe\u529b\u548c\u8d44\u6e90\u53bb\u56fd\u5185\u5377\uff1f\u53e6\u5916\uff0c\u4f60\u5bf9\u82f1\u4f1f\u8fbe\u5927\u6982\u6709\u4e9b\u8ba4\u77e5\u504f\u5dee\uff0c\u82f1\u4f1f\u8fbe\u9760\u66f4\u5148\u8fdb\u7684\u82af\u7247\u6536\u5165\u5728\u4e2d\u56fd\u4ee5\u5916\u7684\u5e02\u573a\u4ecd\u5360\u7edd\u5bf9\u5927\u5934\uff0c\u6240\u4ee5\u65ed\u521b\u9760\u7845\u51491.6T\u7684\u5927\u89c4\u6a21\u4e0a\u91cf\u4ecd\u7136\u80fd\u8ddf\u7740\u82f1\u4f1f\u8fbe\u5403\u8089\u559d\u6c64\uff0c\u6bdb\u5229\u8fdc\u6bd4400G\u9ad8\u3002\u65ed\u521b\u6df1\u5ea6\u53c2\u4e0e\u8fd9\u4e9b\u6d77\u5916\u5927\u5ba2\u6237\u7684AI\u57fa\u7840\u8bbe\u65bd\u5efa\u8bbe\uff0c\u8fd9\u624d\u662f\u5176\u5e02\u503c\u8fd8\u80fd\u7ee7\u7eed\u589e\u957f\u7684\u539f\u56e0\u3002", "timeBefore": "3\u79d2\u524d", "title": "", "trackJson": "{\"fav_count\":0,\"created_at\":1758350451000,\"reply_count\":0,\"client_name\":\"iPhone\",\"retweet_count\":0,\"reward_count\":0}", "truncated": false, "truncated_by": 0, "type": "", "user": {"allow_all_stock": false, "block_status": 0, "blocking": false, "city": "\u6df1\u5733", "common_count": 0, "description": "\u505a\u4e00\u4e2a\u667a\u6167\uff0c\u52c7\u6562\uff0c\u81ea\u4fe1\uff0c\u70ed\u7231\u751f\u6d3b\u7684\u7f8e\u5973\u4eba\u2764\ufe0f", "donate_count": 0, "follow_me": false, "followers_count": 17, "following": false, "fortuneUser": false, "friends_count": 4, "gender": "f", "id": 2356683138, "last_comment_id": 378346984, "last_status_id": 353619048, "photo_domain": "http://xavatar.imedao.com/", "profile": "/2356683138", "profile_image_url": "community/20257/1754762674042-1754762674614.jpg,community/20257/1754762674042-1754762674614.jpg!180x180.png,community/20257/1754762674042-1754762674614.jpg!50x50.png,community/20257/1754762674042-1754762674614.jpg!30x30.png", "province": "\u5e7f\u4e1c", "screen_name": "MaggiaZZ", "st_color": "1", "status": 0, "status_count": 24, "step": "null", "subscribeable": false, "type": "1", "user": {"allow_all_stock": false, "anonymous": false, "areaCode": "86", "blocking": false, "city": "\u6df1\u5733", "created_at": 1649059803308, "description": "\u505a\u4e00\u4e2a\u667a\u6167\uff0c\u52c7\u6562\uff0c\u81ea\u4fe1\uff0c\u70ed\u7231\u751f\u6d3b\u7684\u7f8e\u5973\u4eba\u2764\ufe0f", "donate_count": 0, "donate_snowcoin": 0, "follow_me": false, "followers_count": 17, "following": false, "friends_count": 4, "gender": "f", "id": 2356683138, "last_comment_id": 378346984, "last_status_id": 353619048, "photo_domain": "http://xavatar.imedao.com/", "profile": "/2356683138", "profile_image_url": "community/20257/1754762674042-1754762674614.jpg,community/20257/1754762674042-1754762674614.jpg!180x180.png,community/20257/1754762674042-1754762674614.jpg!50x50.png,community/20257/1754762674042-1754762674614.jpg!30x30.png", "province": "\u5e7f\u4e1c", "screen_name": "MaggiaZZ", "st_color": "1", "status": 0, "status_count": 24, "step": "null", "truncated": false, "type": "1", "verified": false, "verified_description": "", "verified_type": 0}, "verified": false, "verified_description": "", "verified_realname": false, "verified_type": 0}, "user_id": 2356683138, "view_count": 0}, {"blocked": false, "blocking": false, "canEdit": false, "commentId": 378357459, "controversial": false, "created_at": 1758350193000, "description": "\u56de\u590d<a href=\"https://xueqiu.com/n/\u795e\u7ecf\u75c5\u5927\u4f17\" target=\"_blank\">@\u795e\u7ecf\u75c5\u5927\u4f17</a>: \u4f60\u8bf4\u8fd9\u4e2a\u903b\u8f91\u6211\u662f\u8ba4\u53ef\u7684\uff0c\u76f8\u4fe1\u5f88\u591a\u4eba\u4e5f\u662f\u8ba4\u53ef\u7684\u3002\u6211\u4e0d\u8ba4\u53ef\u7684\u662f\u4e3a\u4ec0\u4e48\u4e2d\u56fd\u82f1\u4f1f\u8fbe\u5c31\u662f\u5bd2\u6b66\u7eaa\u4e86\uff1f//<a href=\"https://xueqiu.com/n/\u795e\u7ecf\u75c5\u5927\u4f17\" target=\"_blank\">@\u795e\u7ecf\u75c5\u5927\u4f17</a>:\u56de\u590d<a href=\"https://xueqiu.com/n/\u62ff\u4e0b\u53f0\u79ef\u7535\" target=\"_blank\">@\u62ff\u4e0b\u53f0\u79ef\u7535</a>:\u8bbe\u8ba1\u516c\u53f8\u7684\u5f39\u6027\u80af\u5b9a\u6bd4\u6676\u5706\u5382\u5927\uff0c\u5c31\u662f\u53f0\u79ef\u7535\u548c\u82f1\u4f1f\u8fbe\u7684\u533a\u522b\uff0c\u5f53\u524d\u4f9b\u7ed9\u4e25\u91cd\u4e0d\u8db3\u60c5\u51b5\u4e0b\uff0c\u5f53\u6676\u5706\u5382\u56e0\u4e3a\u4ea7\u80fd\u722c\u5347\u8d5a\u66f4\u591a\u94b1\u65f6\u8bbe\u8ba1\u516c\u53f8\u5c31\u8d5a\u7684\u4e0d\u8981\u4e0d\u8981\u4e86\u3002\u800c\u4e14F...", "donate_count": 0, "donate_snowcoin": 0, "editable": false, "expend": true, "fav_count": 0, "favorited": false, "flags": 137438953472, "hot": false, "id": 353623534, "is_answer": false, "is_bonus": false, "is_refused": false, "is_reward": false, "is_ss_multi_pic": false, "legal_user_visible": false, "like_count": 0, "liked": false, "mark": 0, "pic": "", "promotion_id": 0, "reply_count": 0, "retweet_count": 0, "retweet_status_id": 349269857, "retweeted_status": {"blocked": false, "blocking": false, "canEdit": true, "commentId": 0, "controversial": false, "created_at": 1756262874000, "description": "<a href=\"https://xueqiu.com/S/SH688981\" target=\"_blank\">$\u4e2d\u82af\u56fd\u9645(SH688981)$</a> \u4e2d\u82af\u8fd8\u5728\u6295\u5165\u671f\uff0c\u5927\u91cf\u8d44\u672c\u652f\u51fa\u548c\u7814\u53d1\u8d39\u7528\uff0c\u8fdc\u672a\u5230\u6536\u83b7\u671f\uff08\u4e1a\u7ee9\u9ad8\u901f\u589e\u957f\uff09\u3002\u72ec\u7279\u7684\u62a4\u57ce\u6cb350\u5e74\u5185\u5883\u5185\u65e0\u4eba\u80fd\u653b\u7834\u3002\u53ef\u957f\u6301\u3002\u534a\u5bfc\u4f53\u9009\u8fd9\u4e00\u652f\u8db3\u4ee5\u3002", "donate_count": 0, "donate_snowcoin": 0, "editable": true, "expend": false, "fav_count": 8, "favorited": false, "flags": 36030033969545216, "hot": false, "id": 349269857, "is_answer": false, "is_bonus": false, "is_refused": false, "is_reward": false, "is_ss_multi_pic": false, "legal_user_visible": false, "like_count": 25, "liked": false, "mark": 0, "pic": "", "promotion_id": 0, "reply_count": 110, "retweet_count": 2, "retweet_status_id": 0, "reward_count": 0, "reward_user_count": 0, "rqid": 0, "source": "\u96ea\u7403", "source_feed": false, "target": "/5090758132/349269857", "text": "<p><a href=\"https://xueqiu.com/S/SH688981\" target=\"_blank\">$\u4e2d\u82af\u56fd\u9645(SH688981)$</a> \u4e2d\u82af\u8fd8\u5728\u6295\u5165\u671f\uff0c\u5927\u91cf\u8d44\u672c\u652f\u51fa\u548c\u7814\u53d1\u8d39\u7528\uff0c\u8fdc\u672a\u5230\u6536\u83b7\u671f\uff08\u4e1a\u7ee9\u9ad8\u901f\u589e\u957f\uff09\u3002\u72ec\u7279\u7684\u62a4\u57ce\u6cb350\u5e74\u5185\u5883\u5185\u65e0\u4eba\u80fd\u653b\u7834\u3002\u53ef\u957f\u6301\u3002\u534a\u5bfc\u4f53\u9009\u8fd9\u4e00\u652f\u8db3\u4ee5\u3002</p>", "timeBefore": "08-27 10:47", "title": "", "trackJson": "{\"fav_count\":8,\"created_at\":1756262874000,\"reply_count\":110,\"client_name\":\"\u96ea\u7403\",\"retweet_count\":2,\"reward_count\":0}", "truncated": false, "truncated_by": 0, "type": "0", "user": {"allow_all_stock": false, "block_status": 0, "blocking": false, "city": "\u4e0d\u9650", "common_count": 0, "description": "\u6295\u8d44\u662f\u4e00\u8f88\u5b50\u7684\u4e8b\uff0c\u773c\u5149\u653e\u957f\u8fdc\u4e9b\u3002\nActual investors think in decades, not in quarters.", "donate_count": 0, "follow_me": false, "followers_count": 2301, "following": false, "fortuneUser": false, "friends_count": 606, "gender": "n", "id": 5090758132, "last_comment_id": 378355669, "last_status_id": 353621957, "photo_domain": "http://xavatar.imedao.com/", "profile": "/5090758132", "profile_image_url": "community/20177/1503897489933-1503897506660.jpg,community/20177/1503897489933-1503897506660.jpg!180x180.png,community/20177/1503897489933-1503897506660.jpg!50x50.png,community/20177/1503897489933-1503897506660.jpg!30x30.png", "province": "\u5317\u4eac", "screen_name": "\u96cd\u548c\u5bab\u5f88\u7075\u9a8c", "st_color": "1", "status": 1, "status_count": 6222, "step": "three", "subscribeable": false, "type": "1", "user": {"ability": "\u5357\u4eac\u94f6\u884c", "allow_all_stock": false, "anonymous": false, "areaCode": "86", "blocking": false, "city": "\u4e0d\u9650", "created_at": 1436099255235, "description": "\u6295\u8d44\u662f\u4e00\u8f88\u5b50\u7684\u4e8b\uff0c\u773c\u5149\u653e\u957f\u8fdc\u4e9b\u3002\nActual investors think in decades, not in quarters.", "donate_count": 0, "donate_snowcoin": 0, "follow_me": false, "followers_count": 2301, "following": false, "friends_count": 606, "gender": "n", "id": 5090758132, "last_comment_id": 378355669, "last_status_id": 353621957, "photo_domain": "http://xavatar.imedao.com/", "profile": "/5090758132", "profile_image_url": "community/20177/1503897489933-1503897506660.jpg,community/20177/1503897489933-1503897506660.jpg!180x180.png,community/20177/1503897489933-1503897506660.jpg!50x50.png,community/20177/1503897489933-1503897506660.jpg!30x30.png", "province": "\u5317\u4eac", "screen_name": "\u96cd\u548c\u5bab\u5f88\u7075\u9a8c", "st_color": "1", "status": 1, "status_count": 6222, "step": "three", "truncated": false, "type": "1", "verified": false, "verified_description": "", "verified_infos": [{"verified_desc": "\u7528\u6237\u5df2\u5b8c\u6210\u5b9e\u540d\u8eab\u4efd\u8ba4\u8bc1", "verified_type": "5"}], "verified_type": 0}, "verified": false, "verified_description": "", "verified_infos": [{"verified_desc": "\u7528\u6237\u5df2\u5b8c\u6210\u5b9e\u540d\u8eab\u4efd\u8ba4\u8bc1", "verified_type": "5"}], "verified_realname": false, "verified_type": 0}, "user_id": 5090758132, "view_count": 38559}, "reward_count": 0, "reward_user_count": 0, "rqid": 0, "source": "iPhone", "source_feed": false, "source_link": "http://xueqiu.com/about/mobile-xueqiu", "target": "/1585435472/353623534", "text": "\u56de\u590d<a href=\"https://xueqiu.com/n/\u795e\u7ecf\u75c5\u5927\u4f17\" target=\"_blank\">@\u795e\u7ecf\u75c5\u5927\u4f17</a>: \u4f60\u8bf4\u8fd9\u4e2a\u903b\u8f91\u6211\u662f\u8ba4\u53ef\u7684\uff0c\u76f8\u4fe1\u5f88\u591a\u4eba\u4e5f\u662f\u8ba4\u53ef\u7684\u3002\u6211\u4e0d\u8ba4\u53ef\u7684\u662f\u4e3a\u4ec0\u4e48\u4e2d\u56fd\u82f1\u4f1f\u8fbe\u5c31\u662f\u5bd2\u6b66\u7eaa\u4e86\uff1f//<a href=\"https://xueqiu.com/n/\u795e\u7ecf\u75c5\u5927\u4f17\" target=\"_blank\">@\u795e\u7ecf\u75c5\u5927\u4f17</a>:\u56de\u590d<a href=\"https://xueqiu.com/n/\u62ff\u4e0b\u53f0\u79ef\u7535\" target=\"_blank\">@\u62ff\u4e0b\u53f0\u79ef\u7535</a>:\u8bbe\u8ba1\u516c\u53f8\u7684\u5f39\u6027\u80af\u5b9a\u6bd4\u6676\u5706\u5382\u5927\uff0c\u5c31\u662f\u53f0\u79ef\u7535\u548c\u82f1\u4f1f\u8fbe\u7684\u533a\u522b\uff0c\u5f53\u524d\u4f9b\u7ed9\u4e25\u91cd\u4e0d\u8db3\u60c5\u51b5\u4e0b\uff0c\u5f53\u6676\u5706\u5382\u56e0\u4e3a\u4ea7\u80fd\u722c\u5347\u8d5a\u66f4\u591a\u94b1\u65f6\u8bbe\u8ba1\u516c\u53f8\u5c31\u8d5a\u7684\u4e0d\u8981\u4e0d\u8981\u4e86\u3002\u800c\u4e14Fab\u5382\u592a\u91cd\u8d44\u4ea7\u8d44\u672c\u644a\u9500\u6781\u5927\u53ea\u80fd\u7ebf\u6027\u53d1\u5c55\uff0c\u4e0d\u50cf\u8bbe\u8ba1\u516c\u53f8\u8df3\u8dc3\u53d1\u5c55", "timeBefore": "4\u5206\u949f\u524d", "title": "", "trackJson": "{\"fav_count\":0,\"created_at\":1758350193000,\"reply_count\":0,\"client_name\":\"iPhone\",\"retweet_count\":0,\"reward_count\":0}", "truncated": false, "truncated_by": 0, "type": "", "user": {"allow_all_stock": false, "block_status": 0, "blocking": false, "city": "\u65e0\u9521", "common_count": 0, "description": "\u64cd\u4f5c\u5168\u51ed\u611f\u89c9", "donate_count": 0, "follow_me": false, "followers_count": 49, "following": false, "fortuneUser": false, "friends_count": 25, "gender": "m", "id": 1585435472, "last_comment_id": 378357459, "last_status_id": 353623534, "photo_domain": "http://xavatar.imedao.com/", "profile": "/1585435472", "profile_image_url": "community/20240/1704870517953-1704870519777.jpg,community/20240/1704870517953-1704870519777.jpg!180x180.png,community/20240/1704870517953-1704870519777.jpg!50x50.png,community/20240/1704870517953-1704870519777.jpg!30x30.png", "province": "\u6c5f\u82cf", "screen_name": "\u62ff\u4e0b\u53f0\u79ef\u7535", "st_color": "1", "status": 0, "status_count": 760, "step": "null", "subscribeable": false, "type": "1", "user": {"allow_all_stock": false, "anonymous": false, "areaCode": "86", "blocking": false, "city": "\u65e0\u9521", "created_at": 1647361487870, "description": "\u64cd\u4f5c\u5168\u51ed\u611f\u89c9", "donate_count": 0, "donate_snowcoin": 0, "follow_me": false, "followers_count": 49, "following": false, "friends_count": 25, "gender": "m", "id": 1585435472, "last_comment_id": 378357459, "last_status_id": 353623534, "photo_domain": "http://xavatar.imedao.com/", "profile": "/1585435472", "profile_image_url": "community/20240/1704870517953-1704870519777.jpg,community/20240/1704870517953-1704870519777.jpg!180x180.png,community/20240/1704870517953-1704870519777.jpg!50x50.png,community/20240/1704870517953-1704870519777.jpg!30x30.png", "province": "\u6c5f\u82cf", "screen_name": "\u62ff\u4e0b\u53f0\u79ef\u7535", "st_color": "1", "status": 0, "status_count": 760, "step": "null", "truncated": false, "type": "1", "verified": false, "verified_description": "", "verified_infos": [{"verified_desc": "\u7528\u6237\u5df2\u5b8c\u6210\u5b9e\u540d\u8eab\u4efd\u8ba4\u8bc1", "verified_type": "5"}], "verified_type": 0}, "verified": false, "verified_description": "", "verified_infos": [{"verified_desc": "\u7528\u6237\u5df2\u5b8c\u6210\u5b9e\u540d\u8eab\u4efd\u8ba4\u8bc1", "verified_type": "5"}], "verified_realname": false, "verified_type": 0}, "user_id": 1585435472, "view_count": 39}, {"blocked": false, "blocking": false, "canEdit": false, "commentId": 378357110, "controversial": false, "created_at": 1758349845000, "description": "\u75af\u4e86\u5427\uff0c\u51c0\u5229\u6da650%\uff1f\u8fd8\u6709\uff0c\u8fd8\u60f3\u8ddfAMD\u9500\u552e\u989d\u6301\u5e73\uff1f\u4eba\u5bb6\u591a\u5c11\u6b3e\u663e\u5361\uff0c\u4f60\u591a\u5c11\u6b3e\uff1f\u62a2\u4eba\u5bb6\u5e02\u573a\uff0c\u522b\u4eba\u4e0d\u4f1a\u6253\u4ef7\u683c\u6218\uff1f\u5230\u65f6\u5019\u82f1\u4f1f\u8fbe\u4e5f\u8ddf\u7740\u6253\u4ef7\u683c\u6218\u3002\u8fd835\u4ebf\u51c0\u5229\u6da6\uff0c\u67095\u4ebf\u51c0\u5229\u6da6\u5c31\u4e0d\u9519\u4e86\u3002\u8fd8100\u500d\u4f30\u503c\uff0c\u80fd\u7ef4\u6301\u591a\u4e45\u4e00\u767e\u500d\u4f30\u503c\u3002", "donate_count": 0, "donate_snowcoin": 0, "editable": false, "edited_at": 1758349881000, "expend": false, "fav_count": 0, "favorited": false, "flags": 36030033969545216, "hot": false, "id": 353623231, "is_answer": false, "is_bonus": false, "is_refused": false, "is_reward": false, "is_ss_multi_pic": false, "legal_user_visible": false, "like_count": 1, "liked": false, "mark": 0, "pic": "", "promotion_id": 0, "reply_count": 1, "retweet_count": 0, "retweet_status_id": 353617997, "retweeted_status": {"blocked": false, "blocking": false, "canEdit": true, "commentId": 0, "controversial": false, "created_at": 1758344247000, "description": "<a href=\"https://xueqiu.com/S/SH688110\" target=\"_blank\">$\u4e1c\u82af\u80a1\u4efd(SH688110)$</a><br/>\u6211\u5f97\u5230\u7684\u6570\u636e\uff0c2024\u5e74\u5927\u9646\u6d88\u8d39\u7ea7\u663e\u5361\u603b\u9500\u552e\u989d340\u4ebf\u5de6\u53f3\u3002\u6309\u6469\u5e97\u5360\u4e86\u4e94\u5206\u4e4b\u4e00\uff0c\u5269\u4e0b\u7684\u51e0\u4e4e\u90fd\u662f\u8fbe\u5b50\u7684\u3002<br/>\u8fd9\u662f\u9500\u552e\u7ec8\u7aef\u7684\u6570\u636e\uff0c\u56e0\u4e3a\u5f88\u96be\u4e86\u89e3\u82af\u7247\u5382\u5546\u5728\u6210\u54c1\u91cc\u7684\u5229\u6da6\u7387\uff0c\u6211\u7b3c\u7edf\u7684\u6309\u6700\u4e50\u89c2\u7684\u65b9\u5f0f\u9884\u4f30\uff0c\u5229\u6da6\u536050\u3002<br/>7g100\u91cf\u4ea7\u4e4b\u540e\uff0c\u5728\u57fa\u672c\u9884\u671f\u4e0b\u8fbe\u5230\u6309\u6469\u5e97\u7684\u6c34\u5e73\uff0c\u9500\u552e...", "donate_count": 0, "donate_snowcoin": 0, "editable": true, "expend": true, "fav_count": 2, "favorited": false, "flags": 36030033969545216, "hot": false, "id": 353617997, "is_answer": false, "is_bonus": false, "is_refused": false, "is_reward": false, "is_ss_multi_pic": false, "legal_user_visible": false, "like_count": 9, "liked": false, "mark": 0, "pic": "", "promotion_id": 0, "reply_count": 31, "retweet_count": 0, "retweet_status_id": 0, "reward_count": 0, "reward_user_count": 0, "rqid": 0, "source": "Android", "source_feed": false, "source_link": "http://xueqiu.com/about/mobile-xueqiu", "target": "/3822429504/353617997", "text": "<a href=\"https://xueqiu.com/S/SH688110\" target=\"_blank\">$\u4e1c\u82af\u80a1\u4efd(SH688110)$</a><br/>\u6211\u5f97\u5230\u7684\u6570\u636e\uff0c2024\u5e74\u5927\u9646\u6d88\u8d39\u7ea7\u663e\u5361\u603b\u9500\u552e\u989d340\u4ebf\u5de6\u53f3\u3002\u6309\u6469\u5e97\u5360\u4e86\u4e94\u5206\u4e4b\u4e00\uff0c\u5269\u4e0b\u7684\u51e0\u4e4e\u90fd\u662f\u8fbe\u5b50\u7684\u3002<br/>\u8fd9\u662f\u9500\u552e\u7ec8\u7aef\u7684\u6570\u636e\uff0c\u56e0\u4e3a\u5f88\u96be\u4e86\u89e3\u82af\u7247\u5382\u5546\u5728\u6210\u54c1\u91cc\u7684\u5229\u6da6\u7387\uff0c\u6211\u7b3c\u7edf\u7684\u6309\u6700\u4e50\u89c2\u7684\u65b9\u5f0f\u9884\u4f30\uff0c\u5229\u6da6\u536050\u3002<br/>7g100\u91cf\u4ea7\u4e4b\u540e\uff0c\u5728\u57fa\u672c\u9884\u671f\u4e0b\u8fbe\u5230\u6309\u6469\u5e97\u7684\u6c34\u5e73\uff0c\u9500\u552e\u989d\u662f74\u4ebf\u5de6\u53f3\uff0c\u5229\u6da635\u4ebf\u5de6\u53f3\u3002<br/>\u53c2\u8003\u884c\u4e1a\u4f30\u503c\u7ed9\u5230100\u500d\uff0c\u52b1\u7b973500\uff0c\u4e1c\u82af\u5728\u4e0d\u8003\u8651\u81ea\u8eab\u4e1a\u52a1\u7684\u524d\u63d0\u4e0b\uff0c\u662f1000\u4ebf\u5de6\u53f3\u3002<br/>\u8fd9\u662f\u5efa\u7acb\u5728\u6210\u54c1\u5b8c\u5168\u7b26\u5408\u5f53\u524d\u5ba3\u4f20\u6c34\u51c6\uff0c\u4e14\u8425\u9500\u6210\u529f\uff0c\u5229\u6da6\u5360\u4e00\u534a\uff0c\u73a9\u5bb6\u4e70\u8d26\u7684\u524d\u63d0\u4e0b\uff0c\u7ed9\u51fa\u7684\u4f30\u503c\u5e76\u4e0d\u4fdd\u5b88\u3002<br/>\u5f53\u7136\u8fd9\u662f\u4e00\u4e2a\u666e\u901a\u4eba\u975e\u5e38\u7c97\u653e\u7684\u5206\u6790\uff0c\u6211\u80fd\u5f97\u5230\u7684\u6570\u636e\u4e5f\u4e0d\u7cbe\u51c6\u3002\u8d44\u672c\u5e02\u573a\u7684\u9b45\u529b\u5c31\u5728\u4e8e\u4e0d\u786e\u5b9a\u6027\u548c\u5929\u9a6c\u884c\u7a7a\u7684\u60f3\u8c61\u529b\u3002\u4ea7\u54c1\u7684\u4efb\u4f55\u4e00\u4e2a\u8981\u7d20\u4ea7\u751f\u53d8\u91cf\u90fd\u4f1a\u5bf9\u91cd\u5851\u4f30\u503c\u4ea7\u751f\u91cd\u5927\u5f71\u54cd\u3002<br/>\u6bd4\u59827g100\u7684\u6210\u54c1\u4ef7\u683c\u5177\u6709\u6781\u5f3a\u7684\u4f18\u52bf\uff0c\u6bd4\u5982\u52b1\u7b97\u53c8\u63a8\u51fa\u4e86\u4e3b\u653b\u7b97\u529b\u5e02\u573a\u7684\u4ea7\u54c1\u3002\u7eb5\u4f7f\u6709\u96ea\u5d29\u94f6\u6cb3\u7684\u80fd\u91cf\uff0c\u80a1\u4ef7\u4e5f\u4e00\u5b9a\u662f\u5728\u4ea7\u54c1\u548c\u5e02\u573a\u4e00\u6b21\u6b21\u7684\u4e92\u52a8\u4e2d\u6500\u5347\u7684\u3002", "timeBefore": "\u4eca\u5929 12:57", "title": "", "trackJson": "{\"fav_count\":2,\"created_at\":1758344247000,\"reply_count\":31,\"client_name\":\"Android\",\"retweet_count\":0,\"reward_count\":0}", "truncated": false, "truncated_by": 0, "type": "2", "user": {"allow_all_stock": false, "block_status": 0, "blocking": false, "city": "\u5357\u5b81", "common_count": 0, "description": "\u4e0d\u7fa1\u767e\u82b1\u7ade\u8427\u8537\uff0c\u72ec\u7231\u5929\u540e\u5750\u51b7\u5bab", "donate_count": 0, "follow_me": false, "followers_count": 13, "following": false, "fortuneUser": false, "friends_count": 20, "gender": "n", "id": 3822429504, "last_comment_id": 378354561, "last_status_id": 353617997, "photo_domain": "http://xavatar.imedao.com/", "profile": "/3822429504", "profile_image_url": "community/20256/1753033820856-1753033821555.jpeg,community/20256/1753033820856-1753033821555.jpeg!180x180.png,community/20256/1753033820856-1753033821555.jpeg!50x50.png,community/20256/1753033820856-1753033821555.jpeg!30x30.png", "province": "\u5e7f\u897f", "screen_name": "RRocket", "st_color": "1", "status": 1, "status_count": 10, "step": "null", "subscribeable": false, "type": "1", "user": {"allow_all_stock": false, "anonymous": false, "areaCode": "86", "blocking": false, "city": "\u5357\u5b81", "created_at": 1499980743008, "description": "\u4e0d\u7fa1\u767e\u82b1\u7ade\u8427\u8537\uff0c\u72ec\u7231\u5929\u540e\u5750\u51b7\u5bab", "donate_count": 0, "donate_snowcoin": 0, "follow_me": false, "followers_count": 13, "following": false, "friends_count": 20, "gender": "n", "id": 3822429504, "last_comment_id": 378354561, "last_status_id": 353617997, "photo_domain": "http://xavatar.imedao.com/", "profile": "/3822429504", "profile_image_url": "community/20256/1753033820856-1753033821555.jpeg,community/20256/1753033820856-1753033821555.jpeg!180x180.png,community/20256/1753033820856-1753033821555.jpeg!50x50.png,community/20256/1753033820856-1753033821555.jpeg!30x30.png", "province": "\u5e7f\u897f", "screen_name": "RRocket", "st_color": "1", "status": 1, "status_count": 10, "step": "null", "truncated": false, "type": "1", "verified": false, "verified_description": "", "verified_type": 0}, "verified": false, "verified_description": "", "verified_realname": false, "verified_type": 0}, "user_id": 3822429504, "view_count": 11005}, "reward_count": 0, "reward_user_count": 0, "rqid": 0, "source": "iPhone", "source_feed": false, "source_link": "http://xueqiu.com/about/mobile-xueqiu", "target": "/5678146443/353623231", "text": "\u75af\u4e86\u5427\uff0c\u51c0\u5229\u6da650%\uff1f\u8fd8\u6709\uff0c\u8fd8\u60f3\u8ddfAMD\u9500\u552e\u989d\u6301\u5e73\uff1f\u4eba\u5bb6\u591a\u5c11\u6b3e\u663e\u5361\uff0c\u4f60\u591a\u5c11\u6b3e\uff1f\u62a2\u4eba\u5bb6\u5e02\u573a\uff0c\u522b\u4eba\u4e0d\u4f1a\u6253\u4ef7\u683c\u6218\uff1f\u5230\u65f6\u5019\u82f1\u4f1f\u8fbe\u4e5f\u8ddf\u7740\u6253\u4ef7\u683c\u6218\u3002\u8fd835\u4ebf\u51c0\u5229\u6da6\uff0c\u67095\u4ebf\u51c0\u5229\u6da6\u5c31\u4e0d\u9519\u4e86\u3002\u8fd8100\u500d\u4f30\u503c\uff0c\u80fd\u7ef4\u6301\u591a\u4e45\u4e00\u767e\u500d\u4f30\u503c\u3002", "timeBefore": "10\u5206\u949f\u524d", "title": "", "trackJson": "{\"fav_count\":0,\"created_at\":1758349845000,\"reply_count\":1,\"client_name\":\"iPhone\",\"retweet_count\":0,\"reward_count\":0}", "truncated": false, "truncated_by": 0, "type": "", "user": {"allow_all_stock": false, "block_status": 0, "blocking": false, "city": "", "common_count": 0, "description": "\u4e09\u6c5f\u4e4b\u4e2d\uff0c\u98ce\u6d6a\u4e0d\u606f\uff0c\u94c1\u9501\u8fde\u821f\uff0c\u5982\u5c65\u5e73\u5730\u3002\u4e25\u683c\u9009\u80a1\uff0c\u9ad8\u5ea6\u5206\u6563\uff0c\u79ef\u5c11\u6210\u591a\uff0c\u63a7\u5236\u56de\u64a4\u3002", "donate_count": 0, "follow_me": false, "followers_count": 356, "following": false, "fortuneUser": false, "friends_count": 87, "id": 5678146443, "last_comment_id": 378267076, "last_status_id": 353527672, "photo_domain": "http://xavatar.imedao.com/", "profile": "/5678146443", "profile_image_url": "community/20235/1687187030666-1687187031022.jpg,community/20235/1687187030666-1687187031022.jpg!180x180.png,community/20235/1687187030666-1687187031022.jpg!50x50.png,community/20235/1687187030666-1687187031022.jpg!30x30.png", "screen_name": "\u9b4f\u6b66\u6325\u97ad_", "st_color": "1", "status": 2, "status_count": 2382, "step": "null", "subscribeable": false, "type": "1", "user": {"allow_all_stock": false, "anonymous": false, "areaCode": "86", "blocking": false, "city": "", "created_at": 1510675276292, "description": "\u4e09\u6c5f\u4e4b\u4e2d\uff0c\u98ce\u6d6a\u4e0d\u606f\uff0c\u94c1\u9501\u8fde\u821f\uff0c\u5982\u5c65\u5e73\u5730\u3002\u4e25\u683c\u9009\u80a1\uff0c\u9ad8\u5ea6\u5206\u6563\uff0c\u79ef\u5c11\u6210\u591a\uff0c\u63a7\u5236\u56de\u64a4\u3002", "donate_count": 0, "donate_snowcoin": 0, "follow_me": false, "followers_count": 356, "following": false, "friends_count": 87, "id": 5678146443, "last_comment_id": 378267076, "last_status_id": 353527672, "photo_domain": "http://xavatar.imedao.com/", "profile": "/5678146443", "profile_image_url": "community/20235/1687187030666-1687187031022.jpg,community/20235/1687187030666-1687187031022.jpg!180x180.png,community/20235/1687187030666-1687187031022.jpg!50x50.png,community/20235/1687187030666-1687187031022.jpg!30x30.png", "screen_name": "\u9b4f\u6b66\u6325\u97ad_", "st_color": "1", "status": 2, "status_count": 2382, "step": "null", "truncated": false, "type": "1", "verified": false, "verified_description": "", "verified_type": 0}, "verified": false, "verified_description": "", "verified_realname": false, "verified_type": 0}, "user_id": 5678146443, "view_count": 117}, {"blocked": false, "blocking": false, "canEdit": true, "commentId": 0, "controversial": false, "created_at": 1758349091000, "description": "\u5929\u4e0a\u6389\u9985\u997c\u7684\u4e8b\u8c01\u8bf4\u4e0d\u4f1a\u6709\uff0c\u8fd1\u65e5\uff0c\u4e00\u5219\u505c\u6b62\u91c7\u8d2d\u82f1\u4f1f\u8fbe\u82af\u7247\u7684\u6d88\u606f\u5728\u79d1\u6280\u5708\u5f15\u8d77\u5f3a\u70c8\u53cd\u54cd\uff0c\u4e5f\u4e3a\u56fd\u5185\u82af\u7247\u5e02\u573a\u5f00\u8f9f\u51fa\u4e00\u4e2a\u4ef7\u503c\u5343\u4ebf\u7684\u5de8\u5927\u7a7a\u95f4\u3002<br/>\u82f1\u4f1f\u8fbe\u4f5c\u4e3a\u5168\u7403\u82af\u7247\u9886\u57df\u7684\u4f7c\u4f7c\u8005\uff0c\u53bb\u5e74\u5728\u4e2d\u56fd\u5e02\u573a\u8425\u6536\u9ad8\u8fbe171\u4ebf\u7f8e\u5143\uff0c\u6298\u5408\u4eba\u6c11\u5e01\u7ea61200\u4ebf\u3002\u51ed\u501f\u7740\u5148\u8fdb\u6280\u672f\u548c\u6210\u719f\u751f\u6001\uff0c\u5176\u957f\u671f\u5728\u56fd\u5185\u82af\u7247\u5e02\u573a\u5360\u636e\u91cd\u8981\u5730\u4f4d...", "donate_count": 0, "donate_snowcoin": 0, "editable": true, "expend": true, "fav_count": 0, "favorited": false, "flags": 36028934457917440, "hot": false, "id": 353622562, "is_answer": false, "is_bonus": false, "is_refused": false, "is_reward": false, "is_ss_multi_pic": false, "legal_user_visible": false, "like_count": 0, "liked": false, "mark": 0, "pic": "", "promotion_id": 0, "reply_count": 0, "retweet_count": 0, "retweet_status_id": 0, "reward_count": 0, "reward_user_count": 0, "rqid": 0, "source": "Android", "source_feed": false, "source_link": "http://xueqiu.com/about/mobile-xueqiu", "target": "/3809460794/353622562", "text": "<p>\u5929\u4e0a\u6389\u9985\u997c\u7684\u4e8b\u8c01\u8bf4\u4e0d\u4f1a\u6709\uff0c\u8fd1\u65e5\uff0c\u4e00\u5219\u505c\u6b62\u91c7\u8d2d\u82f1\u4f1f\u8fbe\u82af\u7247\u7684\u6d88\u606f\u5728\u79d1\u6280\u5708\u5f15\u8d77\u5f3a\u70c8\u53cd\u54cd\uff0c\u4e5f\u4e3a\u56fd\u5185\u82af\u7247\u5e02\u573a\u5f00\u8f9f\u51fa\u4e00\u4e2a\u4ef7\u503c\u5343\u4ebf\u7684\u5de8\u5927\u7a7a\u95f4\u3002</p><p>\u82f1\u4f1f\u8fbe\u4f5c\u4e3a\u5168\u7403\u82af\u7247\u9886\u57df\u7684\u4f7c\u4f7c\u8005\uff0c\u53bb\u5e74\u5728\u4e2d\u56fd\u5e02\u573a\u8425\u6536\u9ad8\u8fbe171\u4ebf\u7f8e\u5143\uff0c\u6298\u5408\u4eba\u6c11\u5e01\u7ea61200\u4ebf\u3002\u51ed\u501f\u7740\u5148\u8fdb\u6280\u672f\u548c\u6210\u719f\u751f\u6001\uff0c\u5176\u957f\u671f\u5728\u56fd\u5185\u82af\u7247\u5e02\u573a\u5360\u636e\u91cd\u8981\u5730\u4f4d\u3002\u4e0d\u8fc7\uff0c\u4eca\u975e\u6614\u6bd4\uff0c\u56fd\u4ea7\u82af\u7247\u6b63\u5feb\u901f\u5d1b\u8d77\uff0c\u6027\u80fd\u9010\u6b65\u903c\u8fd1\u56fd\u9645\u5148\u8fdb\u6c34\u5e73\u3002</p><p>\u6d77\u5149\u4fe1\u606f\u4fbf\u662f\u56fd\u4ea7\u82af\u7247\u4f01\u4e1a\u4e2d\u7684\u5178\u578b\u4ee3\u8868\uff0c\u5b83\u62e5\u6709CPU\u548cDCU\u4e24\u6761\u4e3b\u7ebf\u7684\u4ea7\u54c1\u3002\u5728CPU\u65b9\u9762\uff0c\u6301\u7eed\u8fdb\u884c\u6280\u672f\u9769\u65b0\uff1bDCU\u4ea7\u54c1\u4e5f\u8868\u73b0\u51fa\u8272\uff0c\u4e3a\u5176\u5728\u5e02\u573a\u7ade\u4e89\u4e2d\u589e\u6dfb\u4e86\u6709\u529b\u7b79\u7801\u3002\u968f\u7740\u82f1\u4f1f\u8fbe\u4ea7\u54c1\u91c7\u8d2d\u7684\u6682\u505c\uff0c\u6d77\u5149\u4fe1\u606f\u7b49\u56fd\u5185\u4f01\u4e1a\u8fce\u6765\u4e86\u524d\u6240\u672a\u6709\u7684\u53d1\u5c55\u5951\u673a\u3002</p><p>\u534e\u4e3a\u5728\u82af\u7247\u7814\u53d1\u4e0a\u4e0d\u65ad\u7a81\u7834\uff0c\u6607\u817e\u7cfb\u5217\u82af\u7247\u5728\u4eba\u5de5\u667a\u80fd\u8ba1\u7b97\u9886\u57df\u6210\u7ee9\u6590\u7136\uff1b\u5bd2\u6b66\u7eaa\u4e13\u6ce8\u4eba\u5de5\u667a\u80fd\u82af\u7247\u7814\u53d1\uff0c\u4e5f\u5728\u5e02\u573a\u4e0a\u5d2d\u9732\u5934\u89d2\u3002\u8fd9\u4e9b\u4f01\u4e1a\u90fd\u6709\u671b\u5728\u8fd9\u7247\u5343\u4ebf\u5e02\u573a\u4e2d\u5206\u5f97\u4e00\u676f\u7fb9\u3002</p><p>\u5f53\u7136\uff0c\u673a\u9047\u80cc\u540e\u4e5f\u5b58\u5728\u6311\u6218\u3002\u56fd\u4ea7\u82af\u7247\u4f01\u4e1a\u8981\u60f3\u771f\u6b63\u628a\u63e1\u673a\u4f1a\uff0c\u8fd8\u9700\u6301\u7eed\u52a0\u5927\u7814\u53d1\u6295\u5165\uff0c\u63d0\u5347\u82af\u7247\u6027\u80fd\uff0c\u540c\u65f6\u5b8c\u5584\u751f\u6001\u7cfb\u7edf\uff0c\u5438\u5f15\u66f4\u591a\u5408\u4f5c\u4f19\u4f34\u3002\u8fd9\u573a\u82af\u7247\u9886\u57df\u7684\u673a\u9047\u4e4b\u6218\uff0c\u7a76\u7adf\u9e7f\u6b7b\u8c01\u624b\uff0c\u8ba9\u6211\u4eec\u62ed\u76ee\u4ee5\u5f85\u3002</p>", "timeBefore": "22\u5206\u949f\u524d", "title": "\u56fd\u4ea7\u82af\u7247\u7684\u673a\u4f1a", "trackJson": "{\"fav_count\":0,\"created_at\":1758349091000,\"reply_count\":0,\"client_name\":\"Android\",\"retweet_count\":0,\"reward_count\":0}", "truncated": false, "truncated_by": 0, "type": "3", "user": {"allow_all_stock": false, "block_status": 0, "blocking": false, "city": "\u672a\u77e5", "common_count": 0, "description": "\u505a\u80a1\u7968\u4e09\u5341\u591a\u5e74\uff0c\u957f\u7ebf\u6301\u80a1\uff0c\u5206\u6563\u914d\u7f6e\u4ee5\u964d\u4f4e\u98ce\u9669\u3002\u914d\u7f6e\u5c0f\u5c06\u86cb\u51b0\u51b0\uff0c\u4e00\u4e2a\u6e38\u8d70\u4e8e\u80a1\u5e02\u591a\u5e74\u7684\u4eba\u3002", "donate_count": 0, "follow_me": false, "followers_count": 215, "following": false, "fortuneUser": false, "friends_count": 189, "gender": "n", "id": 3809460794, "last_comment_id": 378351063, "last_status_id": 352673025, "photo_domain": "http://xavatar.imedao.com/", "profile": "/3809460794", "profile_image_url": "community/20232/1678692105128-1678692105802.jpeg,community/20232/1678692105128-1678692105802.jpeg!180x180.png,community/20232/1678692105128-1678692105802.jpeg!50x50.png,community/20232/1678692105128-1678692105802.jpeg!30x30.png", "province": "\u4e0d\u9650", "screen_name": "\u914d\u7f6e\u5c0f\u5c06\u86cb\u51b0\u51b0", "st_color": "1", "status": 2, "status_count": 763, "step": "null", "subscribeable": false, "type": "1", "user": {"allow_all_stock": false, "anonymous": false, "areaCode": "86", "blocking": false, "city": "\u672a\u77e5", "created_at": 1581247674714, "description": "\u505a\u80a1\u7968\u4e09\u5341\u591a\u5e74\uff0c\u957f\u7ebf\u6301\u80a1\uff0c\u5206\u6563\u914d\u7f6e\u4ee5\u964d\u4f4e\u98ce\u9669\u3002\u914d\u7f6e\u5c0f\u5c06\u86cb\u51b0\u51b0\uff0c\u4e00\u4e2a\u6e38\u8d70\u4e8e\u80a1\u5e02\u591a\u5e74\u7684\u4eba\u3002", "donate_count": 0, "donate_snowcoin": 0, "follow_me": false, "followers_count": 215, "following": false, "friends_count": 189, "gender": "n", "id": 3809460794, "last_comment_id": 378351063, "last_status_id": 352673025, "photo_domain": "http://xavatar.imedao.com/", "profile": "/3809460794", "profile_image_url": "community/20232/1678692105128-1678692105802.jpeg,community/20232/1678692105128-1678692105802.jpeg!180x180.png,community/20232/1678692105128-1678692105802.jpeg!50x50.png,community/20232/1678692105128-1678692105802.jpeg!30x30.png", "province": "\u4e0d\u9650", "screen_name": "\u914d\u7f6e\u5c0f\u5c06\u86cb\u51b0\u51b0", "st_color": "1", "status": 2, "status_count": 763, "step": "null", "truncated": false, "type": "1", "verified": false, "verified_description": "", "verified_type": 0}, "verified": false, "verified_description": "", "verified_realname": false, "verified_type": 0}, "user_id": 3809460794, "view_count": 382}, {"blocked": false, "blocking": false, "canEdit": false, "commentId": 378355623, "controversial": false, "created_at": 1758348363000, "description": "\u4e2d\u56fd\u8fdb\u4e0d\u6765\uff0c\u82f1\u4f1f\u8fbe\u5c31\u4f1a\u628a\u4ea7\u80fd\u53d8\u6210GB300\uff0c\u51fa\u66f4\u591a\u7684\u8d27\u6765\u4fdd\u6301\u4e1a\u7ee9\u589e\u957f\uff0c\u5229\u597d\u8fbe\u94fe\u7684", "donate_count": 0, "donate_snowcoin": 0, "editable": false, "expend": false, "fav_count": 0, "favorited": false, "flags": 1236950581248, "hot": false, "id": 353621915, "is_answer": false, "is_bonus": false, "is_refused": false, "is_reward": false, "is_ss_multi_pic": false, "legal_user_visible": false, "like_count": 1, "liked": false, "mark": 0, "pic": "", "promotion_id": 0, "reply_count": 0, "retweet_count": 0, "retweet_status_id": 353611701, "retweeted_status": {"blocked": false, "blocking": false, "canEdit": true, "commentId": 0, "controversial": false, "created_at": 1758338608000, "description": "\u5982\u679c\u4e2d\u56fd\u5168\u9762\u7981\u6b62\u82f1\u4f1f\u8fbe\u82af\u7247\uff0c\u90a3\u4e48\u4e2d\u9645\u65ed\u521b\u4f5c\u4e3a\u9f99\u5934\u5149\u6a21\u5757\u516c\u53f8\uff0c\u4ea7\u54c1\u7ed3\u6784\u548c\u4e1a\u52a1\u7ed3\u679c\u90fd\u5c06\u53d1\u751f\u5de8\u5927\u53d8\u5316\uff0c\u90a3\u4e48\u6838\u5fc3\u5c31\u5fc5\u987b\u805a\u7126\u56fd\u5185\u4e1a\u52a1\uff0c\u56fd\u5185\u4e1a\u52a1\u5e38\u89c1\u7684\u5c31\u662f\u5185\u5377\uff0c\u90a3\u4e48\u516c\u53f8\u5229\u6da6\u65b9\u9762\u6682\u65f6\u80fd\u4e0d\u80fd\u652f\u6491400\u66f4\u9ad8\u7684\u80a1\u4ef7\uff0c\u771f\u7684\u662f\u4e00\u4e2a\u786e\u5b9a\u6027\u4e0d\u5f3a\u7684\u4e8b\u60c5\u3002\u80a1\u4e1c\u4f1a\u8463\u4e8b\u957f\u548c\u8463\u79d8\u8868\u793a\u516c\u53f8\u660e\u5e74\u4e1a\u7ee9\u4f1a\u662f\u4e00\u4e2a\u9ad8\u5cf0\uff0c\u5982\u679c\u662f...", "donate_count": 0, "donate_snowcoin": 0, "editable": true, "expend": true, "fav_count": 0, "favorited": false, "flags": 36028934457917440, "hot": false, "id": 353611701, "is_answer": false, "is_bonus": false, "is_refused": false, "is_reward": false, "is_ss_multi_pic": false, "legal_user_visible": false, "like_count": 0, "liked": false, "mark": 0, "pic": "", "promotion_id": 0, "reply_count": 10, "retweet_count": 0, "retweet_status_id": 0, "reward_count": 0, "reward_user_count": 0, "rqid": 0, "source": "iPhone", "source_feed": false, "source_link": "http://xueqiu.com/about/mobile-xueqiu", "target": "/2356683138/353611701", "text": "\u5982\u679c\u4e2d\u56fd\u5168\u9762\u7981\u6b62\u82f1\u4f1f\u8fbe\u82af\u7247\uff0c\u90a3\u4e48\u4e2d\u9645\u65ed\u521b\u4f5c\u4e3a\u9f99\u5934\u5149\u6a21\u5757\u516c\u53f8\uff0c\u4ea7\u54c1\u7ed3\u6784\u548c\u4e1a\u52a1\u7ed3\u679c\u90fd\u5c06\u53d1\u751f\u5de8\u5927\u53d8\u5316\uff0c\u90a3\u4e48\u6838\u5fc3\u5c31\u5fc5\u987b\u805a\u7126\u56fd\u5185\u4e1a\u52a1\uff0c\u56fd\u5185\u4e1a\u52a1\u5e38\u89c1\u7684\u5c31\u662f\u5185\u5377\uff0c\u90a3\u4e48\u516c\u53f8\u5229\u6da6\u65b9\u9762\u6682\u65f6\u80fd\u4e0d\u80fd\u652f\u6491400\u66f4\u9ad8\u7684\u80a1\u4ef7\uff0c\u771f\u7684\u662f\u4e00\u4e2a\u786e\u5b9a\u6027\u4e0d\u5f3a\u7684\u4e8b\u60c5\u3002\u80a1\u4e1c\u4f1a\u8463\u4e8b\u957f\u548c\u8463\u79d8\u8868\u793a\u516c\u53f8\u660e\u5e74\u4e1a\u7ee9\u4f1a\u662f\u4e00\u4e2a\u9ad8\u5cf0\uff0c\u5982\u679c\u662f\u8fd9\u6837\uff0c\u516c\u53f8\u9ad8\u7ba1\u80af\u5b9a\u4e0d\u4f1a\u5c40\u9650\u4e8e400\u5c31\u51cf\u6301\u80a1\u7968\uff0c\u90a3\u4e48\u4ee3\u8868\u4ed6\u4eec\u90fd\u89c9\u5f97400\u5de6\u53f3\u5df2\u7ecf\u662f\u76ee\u524d\u6700\u9ad8\u4ef7\uff01", "timeBefore": "\u4eca\u5929 11:23", "title": "", "trackJson": "{\"fav_count\":0,\"created_at\":1758338608000,\"reply_count\":10,\"client_name\":\"iPhone\",\"retweet_count\":0,\"reward_count\":0}", "truncated": false, "truncated_by": 0, "type": "0", "user": {"allow_all_stock": false, "block_status": 0, "blocking": false, "city": "\u6df1\u5733", "common_count": 0, "description": "\u505a\u4e00\u4e2a\u667a\u6167\uff0c\u52c7\u6562\uff0c\u81ea\u4fe1\uff0c\u70ed\u7231\u751f\u6d3b\u7684\u7f8e\u5973\u4eba\u2764\ufe0f", "donate_count": 0, "follow_me": false, "followers_count": 17, "following": false, "fortuneUser": false, "friends_count": 4, "gender": "f", "id": 2356683138, "last_comment_id": 378346984, "last_status_id": 353619048, "photo_domain": "http://xavatar.imedao.com/", "profile": "/2356683138", "profile_image_url": "community/20257/1754762674042-1754762674614.jpg,community/20257/1754762674042-1754762674614.jpg!180x180.png,community/20257/1754762674042-1754762674614.jpg!50x50.png,community/20257/1754762674042-1754762674614.jpg!30x30.png", "province": "\u5e7f\u4e1c", "screen_name": "MaggiaZZ", "st_color": "1", "status": 0, "status_count": 24, "step": "null", "subscribeable": false, "type": "1", "user": {"allow_all_stock": false, "anonymous": false, "areaCode": "86", "blocking": false, "city": "\u6df1\u5733", "created_at": 1649059803308, "description": "\u505a\u4e00\u4e2a\u667a\u6167\uff0c\u52c7\u6562\uff0c\u81ea\u4fe1\uff0c\u70ed\u7231\u751f\u6d3b\u7684\u7f8e\u5973\u4eba\u2764\ufe0f", "donate_count": 0, "donate_snowcoin": 0, "follow_me": false, "followers_count": 17, "following": false, "friends_count": 4, "gender": "f", "id": 2356683138, "last_comment_id": 378346984, "last_status_id": 353619048, "photo_domain": "http://xavatar.imedao.com/", "profile": "/2356683138", "profile_image_url": "community/20257/1754762674042-1754762674614.jpg,community/20257/1754762674042-1754762674614.jpg!180x180.png,community/20257/1754762674042-1754762674614.jpg!50x50.png,community/20257/1754762674042-1754762674614.jpg!30x30.png", "province": "\u5e7f\u4e1c", "screen_name": "MaggiaZZ", "st_color": "1", "status": 0, "status_count": 24, "step": "null", "truncated": false, "type": "1", "verified": false, "verified_description": "", "verified_type": 0}, "verified": false, "verified_description": "", "verified_realname": false, "verified_type": 0}, "user_id": 2356683138, "view_count": 3342}, "reward_count": 0, "reward_user_count": 0, "rqid": 0, "source": "iPhone", "source_feed": false, "source_link": "http://xueqiu.com/about/mobile-xueqiu", "target": "/4440120429/353621915", "text": "\u4e2d\u56fd\u8fdb\u4e0d\u6765\uff0c\u82f1\u4f1f\u8fbe\u5c31\u4f1a\u628a\u4ea7\u80fd\u53d8\u6210GB300\uff0c\u51fa\u66f4\u591a\u7684\u8d27\u6765\u4fdd\u6301\u4e1a\u7ee9\u589e\u957f\uff0c\u5229\u597d\u8fbe\u94fe\u7684", "timeBefore": "34\u5206\u949f\u524d", "title": "", "trackJson": "{\"fav_count\":0,\"created_at\":1758348363000,\"reply_count\":0,\"client_name\":\"iPhone\",\"retweet_count\":0,\"reward_count\":0}", "truncated": false, "truncated_by": 0, "type": "", "user": {"allow_all_stock": false, "block_status": 0, "blocking": false, "city": "", "common_count": 0, "description": "", "donate_count": 0, "follow_me": false, "followers_count": 6135, "following": false, "fortuneUser": false, "friends_count": 19, "gender": "n", "id": 4440120429, "last_comment_id": 378343077, "last_status_id": 353618762, "photo_domain": "http://xavatar.imedao.com/", "profile": "/4440120429", "profile_image_url": "community/20210/1610632716926-1610632717097.jpg,community/20210/1610632716926-1610632717097.jpg!180x180.png,community/20210/1610632716926-1610632717097.jpg!50x50.png,community/20210/1610632716926-1610632717097.jpg!30x30.png", "screen_name": "\u7f18\u7763\u4e4b\u89c1", "st_color": "1", "status": 2, "status_count": 1092, "step": "null", "subscribeable": false, "type": "1", "user": {"allow_all_stock": false, "anonymous": false, "areaCode": "86", "blocking": false, "city": "", "created_at": 1610344362886, "description": "", "donate_count": 0, "donate_snowcoin": 0, "follow_me": false, "followers_count": 6135, "following": false, "friends_count": 19, "gender": "n", "id": 4440120429, "last_comment_id": 378343077, "last_status_id": 353618762, "photo_domain": "http://xavatar.imedao.com/", "profile": "/4440120429", "profile_image_url": "community/20210/1610632716926-1610632717097.jpg,community/20210/1610632716926-1610632717097.jpg!180x180.png,community/20210/1610632716926-1610632717097.jpg!50x50.png,community/20210/1610632716926-1610632717097.jpg!30x30.png", "screen_name": "\u7f18\u7763\u4e4b\u89c1", "st_color": "1", "status": 2, "status_count": 1092, "step": "null", "truncated": false, "type": "1", "verified": false, "verified_description": "", "verified_infos": [{"verified_desc": "\u7528\u6237\u5df2\u5b8c\u6210\u5b9e\u540d\u8eab\u4efd\u8ba4\u8bc1", "verified_type": "5"}], "verified_type": 0}, "verified": false, "verified_description": "", "verified_infos": [{"verified_desc": "\u7528\u6237\u5df2\u5b8c\u6210\u5b9e\u540d\u8eab\u4efd\u8ba4\u8bc1", "verified_type": "5"}], "verified_realname": false, "verified_type": 0}, "user_id": 4440120429, "view_count": 974}, {"blocked": false, "blocking": false, "canEdit": true, "commentId": 0, "controversial": false, "created_at": 1758347949000, "description": "<a href=\"https://xueqiu.com/S/NVDA\" target=\"_blank\">$\u82f1\u4f1f\u8fbe(NVDA)$</a> \u5927\u5bb6\u90fd\u770b\u597d\u7684\u65f6\u5019\u5c31\u8981\u5356\u4e86\uff0c\u4e0d\u770b\u597d\u7684\u65f6\u5019\u5c31\u6ca1\u6709\u4eba\u63a5\u529b\u4e86", "donate_count": 0, "donate_snowcoin": 0, "editable": true, "expend": false, "fav_count": 0, "favorited": false, "flags": 36030033969545216, "hot": false, "id": 353621496, "is_answer": false, "is_bonus": false, "is_refused": false, "is_reward": false, "is_ss_multi_pic": false, "legal_user_visible": false, "like_count": 0, "liked": false, "mark": 0, "pic": "", "promotion_id": 0, "reply_count": 0, "retweet_count": 0, "retweet_status_id": 0, "reward_count": 0, "reward_user_count": 0, "rqid": 0, "source": "Android", "source_feed": false, "source_link": "http://xueqiu.com/about/mobile-xueqiu", "target": "/2716263922/353621496", "text": "<a href=\"https://xueqiu.com/S/NVDA\" target=\"_blank\">$\u82f1\u4f1f\u8fbe(NVDA)$</a> \u5927\u5bb6\u90fd\u770b\u597d\u7684\u65f6\u5019\u5c31\u8981\u5356\u4e86\uff0c\u4e0d\u770b\u597d\u7684\u65f6\u5019\u5c31\u6ca1\u6709\u4eba\u63a5\u529b\u4e86", "timeBefore": "41\u5206\u949f\u524d", "title": "", "trackJson": "{\"fav_count\":0,\"created_at\":1758347949000,\"reply_count\":0,\"client_name\":\"Android\",\"retweet_count\":0,\"reward_count\":0}", "truncated": false, "truncated_by": 0, "type": "0", "user": {"allow_all_stock": false, "block_status": 0, "blocking": false, "city": "", "common_count": 0, "description": "", "donate_count": 0, "follow_me": false, "followers_count": 63, "following": false, "fortuneUser": false, "friends_count": 0, "gender": "n", "id": 2716263922, "last_comment_id": 377796722, "last_status_id": 353620098, "photo_domain": "http://xavatar.imedao.com/", "profile": "/2716263922", "profile_image_url": "community/default/avatar.png,community/default/avatar.png!180x180.png,community/default/avatar.png!50x50.png,community/default/avatar.png!30x30.png", "screen_name": "\u79d1\u5b66\u5bb6\u70df\u9152\u964d\u4f4e\u667a\u5546", "st_color": "1", "status": 2, "status_count": 930, "subscribeable": false, "type": "1", "user": {"allow_all_stock": false, "anonymous": false, "areaCode": "86", "blocking": false, "city": "", "created_at": 1756284515264, "description": "", "donate_count": 0, "donate_snowcoin": 0, "follow_me": false, "followers_count": 63, "following": false, "friends_count": 0, "gender": "n", "id": 2716263922, "last_comment_id": 377796722, "last_status_id": 353620098, "photo_domain": "http://xavatar.imedao.com/", "profile": "/2716263922", "profile_image_url": "community/default/avatar.png,community/default/avatar.png!180x180.png,community/default/avatar.png!50x50.png,community/default/avatar.png!30x30.png", "screen_name": "\u79d1\u5b66\u5bb6\u70df\u9152\u964d\u4f4e\u667a\u5546", "st_color": "1", "status": 2, "status_count": 930, "truncated": false, "type": "1", "verified": false, "verified_description": "", "verified_type": 0}, "verified": false, "verified_description": "", "verified_realname": false, "verified_type": 0}, "user_id": 2716263922, "view_count": 434}, {"blocked": false, "blocking": false, "canEdit": false, "commentId": 378354705, "controversial": false, "created_at": 1758347500000, "description": "\u90a3\u6c99\u96d5\u5468\u56db\u6253\u677f\u6ee1\u4ed3\u88ab\u5957\uff0c\u73b0\u5728\u6025\u5f97\u4e0d\u884c\uff0c\u9a6c\u4e0a\u4e07\u901a\u5c31\u6301\u6709\u82f1\u4f1f\u8fbe\u7684\u80a1\u4efd\u4e86<img src=\"https://assets.imedao.com/ugc/images/face/emoji_80_doge.png?v=1\" title=\"[\u72d7\u5934]\" alt=\"[\u72d7\u5934]\" height=\"24\" />", "donate_count": 0, "donate_snowcoin": 0, "editable": false, "expend": false, "fav_count": 0, "favorited": false, "flags": 137438953472, "hot": false, "id": 353621054, "is_answer": false, "is_bonus": false, "is_refused": false, "is_reward": false, "is_ss_multi_pic": false, "legal_user_visible": false, "like_count": 0, "liked": false, "mark": 0, "pic": "", "promotion_id": 0, "reply_count": 0, "retweet_count": 0, "retweet_status_id": 353617203, "retweeted_status": {"blocked": false, "blocking": false, "canEdit": true, "commentId": 0, "controversial": false, "created_at": 1758343418000, "description": "<a href=\"https://xueqiu.com/S/SH600246\" target=\"_blank\">$\u4e07\u901a\u53d1\u5c55(SH600246)$</a> \u634f\u9020\u95f4\u63a5\u6301\u80a1\u6469\u5c14\u7684\u6d88\u606f\u4f46\u662f\u53c8\u7ed9\u4e0d\u51fa\u5b9e\u8d28\u6027\u53ef\u4f9b\u67e5\u9a8c\u7684\u8bc1\u636e\uff0c\u80af\u5b9a\u662f\u88ab\u5957\u8d44\u91d1\u6563\u64ad\u5047\u6d88\u606f\u9a97\u4eba\u63a5\u76d8\uff0c\u4e00\u7fa4\u9a97\u5b50\uff0c\u5bb3\u4eba\u7cbe\u3002", "donate_count": 0, "donate_snowcoin": 0, "editable": true, "expend": false, "fav_count": 0, "favorited": false, "flags": 36030033969545216, "hot": false, "id": 353617203, "is_answer": false, "is_bonus": false, "is_refused": false, "is_reward": false, "is_ss_multi_pic": false, "legal_user_visible": false, "like_count": 5, "liked": false, "mark": 0, "pic": "", "promotion_id": 0, "reply_count": 1, "retweet_count": 0, "retweet_status_id": 0, "reward_count": 0, "reward_user_count": 0, "rqid": 0, "source": "Android", "source_feed": false, "source_link": "http://xueqiu.com/about/mobile-xueqiu", "target": "/9436391309/353617203", "text": "<a href=\"https://xueqiu.com/S/SH600246\" target=\"_blank\">$\u4e07\u901a\u53d1\u5c55(SH600246)$</a> \u634f\u9020\u95f4\u63a5\u6301\u80a1\u6469\u5c14\u7684\u6d88\u606f\u4f46\u662f\u53c8\u7ed9\u4e0d\u51fa\u5b9e\u8d28\u6027\u53ef\u4f9b\u67e5\u9a8c\u7684\u8bc1\u636e\uff0c\u80af\u5b9a\u662f\u88ab\u5957\u8d44\u91d1\u6563\u64ad\u5047\u6d88\u606f\u9a97\u4eba\u63a5\u76d8\uff0c\u4e00\u7fa4\u9a97\u5b50\uff0c\u5bb3\u4eba\u7cbe\u3002", "timeBefore": "\u4eca\u5929 12:43", "title": "", "trackJson": "{\"fav_count\":0,\"created_at\":1758343418000,\"reply_count\":1,\"client_name\":\"Android\",\"retweet_count\":0,\"reward_count\":0}", "truncated": false, "truncated_by": 0, "type": "0", "user": {"allow_all_stock": false, "block_status": 0, "blocking": false, "city": "\u672a\u77e5", "common_count": 0, "description": "", "donate_count": 0, "follow_me": false, "followers_count": 28, "following": false, "fortuneUser": false, "friends_count": 11, "gender": "n", "id": 9436391309, "last_comment_id": 378355189, "last_status_id": 353617203, "photo_domain": "http://xavatar.imedao.com/", "profile": "/9436391309", "profile_image_url": "community/202410/1730391836124-1730391837171.jpeg,community/202410/1730391836124-1730391837171.jpeg!180x180.png,community/202410/1730391836124-1730391837171.jpeg!50x50.png,community/202410/1730391836124-1730391837171.jpeg!30x30.png", "screen_name": "\u53e4\u62c9\u52a0\u65af\u7684\u7206\u7834\u9152\u6876", "st_color": "1", "status": 2, "status_count": 142, "step": "null", "subscribeable": false, "type": "1", "user": {"allow_all_stock": false, "anonymous": false, "areaCode": "86", "blocking": false, "city": "\u672a\u77e5", "created_at": 1730224897674, "description": "", "donate_count": 0, "donate_snowcoin": 0, "follow_me": false, "followers_count": 28, "following": false, "friends_count": 11, "gender": "n", "id": 9436391309, "last_comment_id": 378355189, "last_status_id": 353617203, "photo_domain": "http://xavatar.imedao.com/", "profile": "/9436391309", "profile_image_url": "community/202410/1730391836124-1730391837171.jpeg,community/202410/1730391836124-1730391837171.jpeg!180x180.png,community/202410/1730391836124-1730391837171.jpeg!50x50.png,community/202410/1730391836124-1730391837171.jpeg!30x30.png", "screen_name": "\u53e4\u62c9\u52a0\u65af\u7684\u7206\u7834\u9152\u6876", "st_color": "1", "status": 2, "status_count": 142, "step": "null", "truncated": false, "type": "1", "verified": false, "verified_description": "", "verified_type": 0}, "verified": false, "verified_description": "", "verified_realname": false, "verified_type": 0}, "user_id": 9436391309, "view_count": 2292}, "reward_count": 0, "reward_user_count": 0, "rqid": 0, "source": "iPhone", "source_feed": false, "source_link": "http://xueqiu.com/about/mobile-xueqiu", "target": "/2681521333/353621054", "text": "\u90a3\u6c99\u96d5\u5468\u56db\u6253\u677f\u6ee1\u4ed3\u88ab\u5957\uff0c\u73b0\u5728\u6025\u5f97\u4e0d\u884c\uff0c\u9a6c\u4e0a\u4e07\u901a\u5c31\u6301\u6709\u82f1\u4f1f\u8fbe\u7684\u80a1\u4efd\u4e86<img src=\"https://assets.imedao.com/ugc/images/face/emoji_80_doge.png?v=1\" title=\"[\u72d7\u5934]\" alt=\"[\u72d7\u5934]\" height=\"24\" />", "timeBefore": "49\u5206\u949f\u524d", "title": "", "trackJson": "{\"fav_count\":0,\"created_at\":1758347500000,\"reply_count\":0,\"client_name\":\"iPhone\",\"retweet_count\":0,\"reward_count\":0}", "truncated": false, "truncated_by": 0, "type": "", "user": {"allow_all_stock": false, "block_status": 0, "blocking": false, "city": "", "common_count": 0, "description": "", "donate_count": 0, "follow_me": false, "followers_count": 0, "following": false, "fortuneUser": false, "friends_count": 8, "gender": "n", "id": 2681521333, "last_comment_id": 378354705, "last_status_id": 353621054, "photo_domain": "http://xavatar.imedao.com/", "profile": "/2681521333", "profile_image_url": "community/202310/1699236416866-1699236417091.png,community/202310/1699236416866-1699236417091.png!180x180.png,community/202310/1699236416866-1699236417091.png!50x50.png,community/202310/1699236416866-1699236417091.png!30x30.png", "screen_name": "\u6e05\u65b0\u7684\u6da8\u5e45\u5c0f\u679c\u6562", "st_color": "1", "status": 2, "status_count": 132, "step": "null", "subscribeable": false, "type": "1", "user": {"allow_all_stock": false, "anonymous": false, "areaCode": "86", "blocking": false, "city": "", "created_at": 1654967531934, "description": "", "donate_count": 0, "donate_snowcoin": 0, "follow_me": false, "followers_count": 0, "following": false, "friends_count": 8, "gender": "n", "id": 2681521333, "last_comment_id": 378354705, "last_status_id": 353621054, "photo_domain": "http://xavatar.imedao.com/", "profile": "/2681521333", "profile_image_url": "community/202310/1699236416866-1699236417091.png,community/202310/1699236416866-1699236417091.png!180x180.png,community/202310/1699236416866-1699236417091.png!50x50.png,community/202310/1699236416866-1699236417091.png!30x30.png", "screen_name": "\u6e05\u65b0\u7684\u6da8\u5e45\u5c0f\u679c\u6562", "st_color": "1", "status": 2, "status_count": 132, "step": "null", "truncated": false, "type": "1", "verified": false, "verified_description": "", "verified_type": 0}, "verified": false, "verified_description": "", "verified_realname": false, "verified_type": 0}, "user_id": 2681521333, "view_count": 55}, {"blocked": false, "blocking": false, "canEdit": false, "commentId": 378354631, "controversial": false, "created_at": 1758347432000, "description": "\u4e0d\u7ba1\u548b\u8bf4 \u4e3a\u4e86\u8131\u94a9\u7f8e\u56fd \u62a2\u5360ai\u9ad8\u5730 \u5341\u4e2a\u56fd\u4ea7\u82f1\u4f1f\u8fbe \u6700\u540e\u6210\u4e00\u4e2a \u4e5f\u503c\u4e86 \u5f53\u7136\u90fd\u662f\u5c0f\u6563\u4e70\u5355 \u4ed6\u4eec\u89c9\u609f\u9ad8", "donate_count": 0, "donate_snowcoin": 0, "editable": false, "expend": false, "fav_count": 0, "favorited": false, "flags": 137438953472, "hot": false, "id": 353620993, "is_answer": false, "is_bonus": false, "is_refused": false, "is_reward": false, "is_ss_multi_pic": false, "legal_user_visible": false, "like_count": 0, "liked": false, "mark": 0, "pic": "", "promotion_id": 0, "reply_count": 0, "retweet_count": 0, "retweet_status_id": 353616694, "retweeted_status": {"blocked": false, "blocking": false, "canEdit": true, "commentId": 0, "controversial": false, "created_at": 1758342938000, "description": "\u7f8e\u56fd\u53ea\u6709\u4e00\u4e2a\u82f1\u4f1f\u8fbe\uff0c\u4e2d\u56fd\u82f1\u4f1f\u8fbe\u6700\u8fd1\u6211\u90fd\u542c\u5230\u597d\u51e0\u4e2a\u4e86\uff0c\u771f\u7684\u81ea\u8c6a\u548c\u9a84\u50b2\u500d\u589e\u3002\u90fd\u8bf4\u82f1\u4f1f\u8fbe\uff0c\u6700\u5f3a\u62a4\u57ce\u6cb3\u662fCUDA\u53ca\u751f\u6001\uff0c\u5f53\u5e74\u4ed6\u4eec\u8bf4\u82f9\u679c\u3001\u53f0\u79ef\u7535\u3001\u5fae\u8f6f\u4e5f\u662f\u5f3a\u8c03\u751f\u6001\u6700\u96be\u5efa\u7acb\uff0c\u8fd9\u4e9b\u4f3c\u4e4e\u5728\u96ea\u7403\u3001\u5c0f\u7ea2\u4e66\u3001\u6296\u97f3\u80a1\u7968\u9f13\u5439\u624b\u52a0\u70ed\u7092\u8d44\u91d1\u5171\u540c\u52aa\u529b\u4e0b\uff0c\u8981\u4e48\u653b\u514b\uff0c\u8981\u4e48\u88ab\u9057\u5fd8\uff08\u5ffd\u7565\uff09\u4e86\u3002", "donate_count": 0, "donate_snowcoin": 0, "editable": true, "expend": false, "fav_count": 13, "favorited": false, "flags": 36030033969545216, "hot": false, "id": 353616694, "is_answer": false, "is_bonus": false, "is_refused": false, "is_reward": false, "is_ss_multi_pic": false, "legal_user_visible": false, "like_count": 154, "liked": false, "mark": 0, "pic": "", "promotion_id": 0, "reply_count": 48, "retweet_count": 1, "retweet_status_id": 0, "reward_count": 0, "reward_user_count": 0, "rqid": 0, "source": "Android", "source_feed": false, "source_link": "http://xueqiu.com/about/mobile-xueqiu", "target": "/4111857140/353616694", "text": "\u7f8e\u56fd\u53ea\u6709\u4e00\u4e2a\u82f1\u4f1f\u8fbe\uff0c\u4e2d\u56fd\u82f1\u4f1f\u8fbe\u6700\u8fd1\u6211\u90fd\u542c\u5230\u597d\u51e0\u4e2a\u4e86\uff0c\u771f\u7684\u81ea\u8c6a\u548c\u9a84\u50b2\u500d\u589e\u3002\u90fd\u8bf4\u82f1\u4f1f\u8fbe\uff0c\u6700\u5f3a\u62a4\u57ce\u6cb3\u662fCUDA\u53ca\u751f\u6001\uff0c\u5f53\u5e74\u4ed6\u4eec\u8bf4\u82f9\u679c\u3001\u53f0\u79ef\u7535\u3001\u5fae\u8f6f\u4e5f\u662f\u5f3a\u8c03\u751f\u6001\u6700\u96be\u5efa\u7acb\uff0c\u8fd9\u4e9b\u4f3c\u4e4e\u5728\u96ea\u7403\u3001\u5c0f\u7ea2\u4e66\u3001\u6296\u97f3\u80a1\u7968\u9f13\u5439\u624b\u52a0\u70ed\u7092\u8d44\u91d1\u5171\u540c\u52aa\u529b\u4e0b\uff0c\u8981\u4e48\u653b\u514b\uff0c\u8981\u4e48\u88ab\u9057\u5fd8\uff08\u5ffd\u7565\uff09\u4e86\u3002", "timeBefore": "\u4eca\u5929 12:35", "title": "", "trackJson": "{\"fav_count\":13,\"created_at\":1758342938000,\"reply_count\":48,\"client_name\":\"Android\",\"retweet_count\":1,\"reward_count\":0}", "truncated": false, "truncated_by": 0, "type": "0", "user": {"allow_all_stock": false, "block_status": 0, "blocking": false, "city": "\u897f\u57ce\u533a", "common_count": 0, "description": "\u6241\u821f\u4e00\u53f6\uff0c\u661f\u8f89\u6ee1\u8f7d\n\u643a\u4f73\u4eba\u516e\u540c\u6e38\n\u676f\u9152\u9ad8\u6b4c\uff0c\u7434\u97f5\u76f8\u548c\n\u6c34\u9759\u800c\u5c71\u884c\u566b\u3002\u3002\u3002", "donate_count": 0, "follow_me": false, "followers_count": 504777, "following": false, "fortuneUser": false, "friends_count": 350, "gender": "m", "id": 4111857140, "last_comment_id": 378219670, "last_status_id": 353616694, "photo_domain": "http://xavatar.imedao.com/", "profile": "/4111857140", "profile_image_url": "community/201211/1355832425659-20121221.png,community/201211/1355832425659-20121221.png!180x180.png,community/201211/1355832425659-20121221.png!50x50.png,community/201211/1355832425659-20121221.png!30x30.png", "province": "\u5317\u4eac", "screen_name": "\u5c71\u884c", "st_color": "1", "status": 1, "status_count": 8348, "step": "three", "subscribeable": false, "type": "1", "user": {"ability": "\u4e2d\u56fd\u5e73\u5b89,\u5ddd\u6295\u80fd\u6e90,\u4e2d\u56fd\u592a\u4fdd", "allow_all_stock": false, "anonymous": false, "areaCode": "86", "blocking": false, "city": "\u897f\u57ce\u533a", "created_at": 1355832425484, "description": "\u6241\u821f\u4e00\u53f6\uff0c\u661f\u8f89\u6ee1\u8f7d\n\u643a\u4f73\u4eba\u516e\u540c\u6e38\n\u676f\u9152\u9ad8\u6b4c\uff0c\u7434\u97f5\u76f8\u548c\n\u6c34\u9759\u800c\u5c71\u884c\u566b\u3002\u3002\u3002", "donate_count": 0, "donate_snowcoin": 0, "follow_me": false, "followers_count": 504777, "following": false, "friends_count": 350, "gender": "m", "id": 4111857140, "last_comment_id": 378219670, "last_status_id": 353616694, "photo_domain": "http://xavatar.imedao.com/", "profile": "/4111857140", "profile_image_url": "community/201211/1355832425659-20121221.png,community/201211/1355832425659-20121221.png!180x180.png,community/201211/1355832425659-20121221.png!50x50.png,community/201211/1355832425659-20121221.png!30x30.png", "province": "\u5317\u4eac", "screen_name": "\u5c71\u884c", "st_color": "1", "status": 1, "status_count": 8348, "step": "three", "truncated": false, "type": "1", "verified": true, "verified_description": "\u96ea\u74032018\u30012019\u5e74\u5ea6\u5341\u5927\u5f71\u54cd\u529b\u7528\u6237", "verified_infos": [{"data": [{"desc": "\u96ea\u74032023\u5e74\u5ea6\u5341\u5927\u5f71\u54cd\u529b\u7528\u6237", "icon": "https://xqimg.imedao.com/18c7061b4e81783fe3f53be0.png", "link": "https://xueqiu.com/2552920054/271073164"}, {"desc": "\u96ea\u7403\u5341\u5e74\u77e5\u5df1", "icon": "https://xqimg.imedao.com/176419ecbca1583fdb1c0fd9.png", "link": "https://xueqiu.com/2552920054/164961444"}, {"desc": "\u96ea\u74032018\u30012019\u5e74\u5ea6\u5341\u5927\u5f71\u54cd\u529b\u7528\u6237", "icon": "https://xqimg.imedao.com/1724ecbfba9633fe58422791.png", "link": ""}], "verified_desc": "\u96ea\u74032023\u5e74\u5ea6\u5341\u5927\u5f71\u54cd\u529b\u7528\u6237", "verified_type": "10"}, {"verified_desc": "\u7528\u6237\u5df2\u5b8c\u6210\u5b9e\u540d\u8eab\u4efd\u8ba4\u8bc1", "verified_type": "5"}], "verified_type": 1}, "verified": true, "verified_description": "\u96ea\u74032018\u30012019\u5e74\u5ea6\u5341\u5927\u5f71\u54cd\u529b\u7528\u6237", "verified_infos": [{"data": [{"desc": "\u96ea\u74032023\u5e74\u5ea6\u5341\u5927\u5f71\u54cd\u529b\u7528\u6237", "icon": "https://xqimg.imedao.com/18c7061b4e81783fe3f53be0.png", "link": "https://xueqiu.com/2552920054/271073164"}, {"desc": "\u96ea\u7403\u5341\u5e74\u77e5\u5df1", "icon": "https://xqimg.imedao.com/176419ecbca1583fdb1c0fd9.png", "link": "https://xueqiu.com/2552920054/164961444"}, {"desc": "\u96ea\u74032018\u30012019\u5e74\u5ea6\u5341\u5927\u5f71\u54cd\u529b\u7528\u6237", "icon": "https://xqimg.imedao.com/1724ecbfba9633fe58422791.png", "link": ""}], "verified_desc": "\u96ea\u74032023\u5e74\u5ea6\u5341\u5927\u5f71\u54cd\u529b\u7528\u6237", "verified_type": "10"}, {"verified_desc": "\u7528\u6237\u5df2\u5b8c\u6210\u5b9e\u540d\u8eab\u4efd\u8ba4\u8bc1", "verified_type": "5"}], "verified_realname": false, "verified_type": 1}, "user_id": 4111857140, "view_count": 55163}, "reward_count": 0, "reward_user_count": 0, "rqid": 0, "source": "Android", "source_feed": false, "source_link": "http://xueqiu.com/about/mobile-xueqiu", "target": "/7832850418/353620993", "text": "\u4e0d\u7ba1\u548b\u8bf4 \u4e3a\u4e86\u8131\u94a9\u7f8e\u56fd \u62a2\u5360ai\u9ad8\u5730 \u5341\u4e2a\u56fd\u4ea7\u82f1\u4f1f\u8fbe \u6700\u540e\u6210\u4e00\u4e2a \u4e5f\u503c\u4e86 \u5f53\u7136\u90fd\u662f\u5c0f\u6563\u4e70\u5355 \u4ed6\u4eec\u89c9\u609f\u9ad8", "timeBefore": "50\u5206\u949f\u524d", "title": "", "trackJson": "{\"fav_count\":0,\"created_at\":1758347432000,\"reply_count\":0,\"client_name\":\"Android\",\"retweet_count\":0,\"reward_count\":0}", "truncated": false, "truncated_by": 0, "type": "", "user": {"allow_all_stock": false, "block_status": 0, "blocking": false, "city": "\u897f\u5b89", "common_count": 0, "description": "", "donate_count": 0, "follow_me": false, "followers_count": 8021, "following": false, "fortuneUser": false, "friends_count": 82, "gender": "n", "id": 7832850418, "last_comment_id": 378354698, "last_status_id": 353621045, "photo_domain": "http://xavatar.imedao.com/", "profile": "/7832850418", "profile_image_url": "community/202311/1703743191265-1703743191422.jpeg,community/202311/1703743191265-1703743191422.jpeg!180x180.png,community/202311/1703743191265-1703743191422.jpeg!50x50.png,community/202311/1703743191265-1703743191422.jpeg!30x30.png", "province": "\u9655\u897f", "screen_name": "\u96e8\u540e\u5f69\u8679", "st_color": "1", "status": 1, "status_count": 287, "step": "three", "subscribeable": false, "type": "1", "user": {"allow_all_stock": false, "anonymous": false, "areaCode": "86", "blocking": false, "city": "\u897f\u5b89", "created_at": 1354454659127, "description": "", "donate_count": 0, "donate_snowcoin": 0, "follow_me": false, "followers_count": 8021, "following": false, "friends_count": 82, "gender": "n", "id": 7832850418, "last_comment_id": 378354698, "last_status_id": 353621045, "photo_domain": "http://xavatar.imedao.com/", "profile": "/7832850418", "profile_image_url": "community/202311/1703743191265-1703743191422.jpeg,community/202311/1703743191265-1703743191422.jpeg!180x180.png,community/202311/1703743191265-1703743191422.jpeg!50x50.png,community/202311/1703743191265-1703743191422.jpeg!30x30.png", "province": "\u9655\u897f", "screen_name": "\u96e8\u540e\u5f69\u8679", "st_color": "1", "status": 1, "status_count": 287, "step": "three", "truncated": false, "type": "1", "verified": false, "verified_description": "", "verified_type": 0}, "verified": false, "verified_description": "", "verified_realname": false, "verified_type": 0}, "user_id": 7832850418, "view_count": 359}, {"blocked": false, "blocking": false, "canEdit": false, "commentId": 378354594, "controversial": false, "created_at": 1758347394000, "description": "\u56de\u590d<a href=\"https://xueqiu.com/n/\u4e00\u80a1\u4e36\u5341\u5e74\" target=\"_blank\">@\u4e00\u80a1\u4e36\u5341\u5e74</a>: HSL\u534f\u8bae\u5f00\u653e\uff0c\u82f1\u4f1f\u8fbe \u82f1\u7279\u5c14\u5408\u5e76\uff0c\uff0c\uff0c\u4ee5\u540e\u6ca1P5P6\uff0c\uff0c\uff0c\u3002\u53ef\u4ee5\u6dd8\u6c70\u4e86\u3002//<a href=\"https://xueqiu.com/n/\u4e00\u80a1\u4e36\u5341\u5e74\" target=\"_blank\">@\u4e00\u80a1\u4e36\u5341\u5e74</a>:\u56de\u590d<a href=\"https://xueqiu.com/n/\u5510\u671dkqa\" target=\"_blank\">@\u5510\u671dkqa</a>:\u7b49\u6d88\u606f\uff0c\u91cf\u4ea7\u4e0d\u5230\uff0c\u8d44\u91d1\u4e0d\u4f1a\u5927\u5e45\u8fdb\u6765\uff0c\u76ee\u524d\u5148\u770b\u9707\u8361\uff0c\u6211\u4e00\u76f4\u90fd\u6709\u5e95\u4ed3", "donate_count": 0, "donate_snowcoin": 0, "editable": false, "expend": false, "fav_count": 0, "favorited": false, "flags": 1236950581248, "hot": false, "id": 353620959, "is_answer": false, "is_bonus": false, "is_refused": false, "is_reward": false, "is_ss_multi_pic": false, "legal_user_visible": false, "like_count": 0, "liked": false, "mark": 0, "pic": "", "promotion_id": 0, "reply_count": 1, "retweet_count": 0, "retweet_status_id": 353608177, "retweeted_status": {"blocked": false, "blocking": false, "canEdit": true, "commentId": 0, "controversial": false, "created_at": 1758335974000, "description": "<a href=\"https://xueqiu.com/S/SH600246\" target=\"_blank\">$\u4e07\u901a\u53d1\u5c55(SH600246)$</a> \u6469\u5c14\u4e0a\u5e02\u8fd8\u65e9\uff0c\u76ee\u524d\u53ea\u662f\u4e0a\u4f1a\uff0c\u54ea\u6015\u662f\u5f00\u7eff\u706f\u4e5f\u898110\u6708\u5e95\uff0c\u6b63\u5e38\u662f\u5e74\u5e95\uff0c\u5bf9\u4e07\u901a\u7684\u5f71\u54cd\u77ed\u671f\u5fae\u4e4e\u5176\u5fae\uff0c\u4e0d\u7528\u7ea0\u7ed3\uff0c\u56de\u5230\u76d8\u9762\u5468\u4e94\u7684\u5927\u9634K\uff0c\u5468\u4e00\u9884\u8ba1\u8fd8\u4f1a\u4e0b\u63a2\uff0c\u7136\u540e\u8981\u6709\u4e00\u4e2a\u6b62\u8dcc\u7684\u63a2\u5e95\u56de\u5347\uff0c\u91cc\u9762\u7684\u91cf\u5316\u8ddf\u7740\u5927\u76d8\u548c\u677f\u5757\u9707\u8361\u505a\u5dee\u4ef7\uff0c\u951a\u5b9a\u5927\u76d8\u548c\u677f\u5757\u5373\u53ef\uff0c\u5bf9\u4e8e\u8fd9\u91cc\u7684\u91cf\u5316\u64cd\u76d8\u624b\uff0c\u8bb0\u5f97\u7956\u8bad\uff0c...", "donate_count": 0, "donate_snowcoin": 0, "editable": true, "expend": true, "fav_count": 0, "favorited": false, "flags": 36030033969545216, "hot": false, "id": 353608177, "is_answer": false, "is_bonus": false, "is_refused": false, "is_reward": false, "is_ss_multi_pic": false, "legal_user_visible": false, "like_count": 6, "liked": false, "mark": 0, "pic": "", "promotion_id": 0, "reply_count": 15, "retweet_count": 0, "retweet_status_id": 0, "reward_count": 0, "reward_user_count": 0, "rqid": 0, "source": "Android", "source_feed": false, "source_link": "http://xueqiu.com/about/mobile-xueqiu", "target": "/1795055705/353608177", "text": "<a href=\"https://xueqiu.com/S/SH600246\" target=\"_blank\">$\u4e07\u901a\u53d1\u5c55(SH600246)$</a> \u6469\u5c14\u4e0a\u5e02\u8fd8\u65e9\uff0c\u76ee\u524d\u53ea\u662f\u4e0a\u4f1a\uff0c\u54ea\u6015\u662f\u5f00\u7eff\u706f\u4e5f\u898110\u6708\u5e95\uff0c\u6b63\u5e38\u662f\u5e74\u5e95\uff0c\u5bf9\u4e07\u901a\u7684\u5f71\u54cd\u77ed\u671f\u5fae\u4e4e\u5176\u5fae\uff0c\u4e0d\u7528\u7ea0\u7ed3\uff0c\u56de\u5230\u76d8\u9762\u5468\u4e94\u7684\u5927\u9634K\uff0c\u5468\u4e00\u9884\u8ba1\u8fd8\u4f1a\u4e0b\u63a2\uff0c\u7136\u540e\u8981\u6709\u4e00\u4e2a\u6b62\u8dcc\u7684\u63a2\u5e95\u56de\u5347\uff0c\u91cc\u9762\u7684\u91cf\u5316\u8ddf\u7740\u5927\u76d8\u548c\u677f\u5757\u9707\u8361\u505a\u5dee\u4ef7\uff0c\u951a\u5b9a\u5927\u76d8\u548c\u677f\u5757\u5373\u53ef\uff0c\u5bf9\u4e8e\u8fd9\u91cc\u7684\u91cf\u5316\u64cd\u76d8\u624b\uff0c\u8bb0\u5f97\u7956\u8bad\uff0c\u51b2\u9ad8\u8bb0\u5f97\u5148\u629b\uff0c\u4e0b\u6765\u5728\u4f4e\u5438\uff0c\u91cf\u4ea7\u6d88\u606f\u4e0b\u6765\u4e4b\u524d\uff0c\u6ce8\u610f\u8282\u594f\u3002<img src=\"https://assets.imedao.com/ugc/images/face/emoji_13.png?v=1\" title=\"[\u83dc\u72d7]\" alt=\"[\u83dc\u72d7]\" height=\"24\" /><img src=\"https://assets.imedao.com/ugc/images/face/emoji_13.png?v=1\" title=\"[\u83dc\u72d7]\" alt=\"[\u83dc\u72d7]\" height=\"24\" /><img src=\"https://assets.imedao.com/ugc/images/face/emoji_13.png?v=1\" title=\"[\u83dc\u72d7]\" alt=\"[\u83dc\u72d7]\" height=\"24\" />", "timeBefore": "\u4eca\u5929 10:39", "title": "", "trackJson": "{\"fav_count\":0,\"created_at\":1758335974000,\"reply_count\":15,\"client_name\":\"Android\",\"retweet_count\":0,\"reward_count\":0}", "truncated": false, "truncated_by": 0, "type": "0", "user": {"allow_all_stock": false, "block_status": 0, "blocking": false, "city": "\u672a\u77e5", "common_count": 0, "description": "", "donate_count": 0, "follow_me": false, "followers_count": 33, "following": false, "fortuneUser": false, "friends_count": 18, "gender": "m", "id": 1795055705, "last_comment_id": 378354984, "last_status_id": 353621312, "photo_domain": "http://xavatar.imedao.com/", "profile": "/1795055705", "profile_image_url": "community/20241/1706855492542-1706855492913.jpeg,community/20241/1706855492542-1706855492913.jpeg!180x180.png,community/20241/1706855492542-1706855492913.jpeg!50x50.png,community/20241/1706855492542-1706855492913.jpeg!30x30.png", "province": "\u4e0d\u9650", "screen_name": "\u4e00\u80a1\u4e36\u5341\u5e74", "st_color": "1", "status": 0, "status_count": 145, "step": "null", "subscribeable": false, "type": "1", "user": {"allow_all_stock": false, "anonymous": false, "areaCode": "86", "blocking": false, "city": "\u672a\u77e5", "created_at": 1706855448608, "description": "", "donate_count": 0, "donate_snowcoin": 0, "follow_me": false, "followers_count": 33, "following": false, "friends_count": 18, "gender": "m", "id": 1795055705, "last_comment_id": 378354984, "last_status_id": 353621312, "photo_domain": "http://xavatar.imedao.com/", "profile": "/1795055705", "profile_image_url": "community/20241/1706855492542-1706855492913.jpeg,community/20241/1706855492542-1706855492913.jpeg!180x180.png,community/20241/1706855492542-1706855492913.jpeg!50x50.png,community/20241/1706855492542-1706855492913.jpeg!30x30.png", "province": "\u4e0d\u9650", "screen_name": "\u4e00\u80a1\u4e36\u5341\u5e74", "st_color": "1", "status": 0, "status_count": 145, "step": "null", "truncated": false, "type": "1", "verified": false, "verified_description": "", "verified_infos": [{"verified_desc": "\u7528\u6237\u5df2\u5b8c\u6210\u5b9e\u540d\u8eab\u4efd\u8ba4\u8bc1", "verified_type": "5"}], "verified_type": 0}, "verified": false, "verified_description": "", "verified_infos": [{"verified_desc": "\u7528\u6237\u5df2\u5b8c\u6210\u5b9e\u540d\u8eab\u4efd\u8ba4\u8bc1", "verified_type": "5"}], "verified_realname": false, "verified_type": 0}, "user_id": 1795055705, "view_count": 4921}, "reward_count": 0, "reward_user_count": 0, "rqid": 0, "source": "Android", "source_feed": false, "source_link": "http://xueqiu.com/about/mobile-xueqiu", "target": "/1615346458/353620959", "text": "\u56de\u590d<a href=\"https://xueqiu.com/n/\u4e00\u80a1\u4e36\u5341\u5e74\" target=\"_blank\">@\u4e00\u80a1\u4e36\u5341\u5e74</a>: HSL\u534f\u8bae\u5f00\u653e\uff0c\u82f1\u4f1f\u8fbe \u82f1\u7279\u5c14\u5408\u5e76\uff0c\uff0c\uff0c\u4ee5\u540e\u6ca1P5P6\uff0c\uff0c\uff0c\u3002\u53ef\u4ee5\u6dd8\u6c70\u4e86\u3002//<a href=\"https://xueqiu.com/n/\u4e00\u80a1\u4e36\u5341\u5e74\" target=\"_blank\">@\u4e00\u80a1\u4e36\u5341\u5e74</a>:\u56de\u590d<a href=\"https://xueqiu.com/n/\u5510\u671dkqa\" target=\"_blank\">@\u5510\u671dkqa</a>:\u7b49\u6d88\u606f\uff0c\u91cf\u4ea7\u4e0d\u5230\uff0c\u8d44\u91d1\u4e0d\u4f1a\u5927\u5e45\u8fdb\u6765\uff0c\u76ee\u524d\u5148\u770b\u9707\u8361\uff0c\u6211\u4e00\u76f4\u90fd\u6709\u5e95\u4ed3", "timeBefore": "51\u5206\u949f\u524d", "title": "", "trackJson": "{\"fav_count\":0,\"created_at\":1758347394000,\"reply_count\":1,\"client_name\":\"Android\",\"retweet_count\":0,\"reward_count\":0}", "truncated": false, "truncated_by": 0, "type": "", "user": {"allow_all_stock": false, "block_status": 0, "blocking": false, "city": "", "common_count": 0, "description": "", "donate_count": 0, "follow_me": false, "followers_count": 2, "following": false, "fortuneUser": false, "friends_count": 71, "gender": "n", "id": 1615346458, "last_comment_id": 378354594, "last_status_id": 353620959, "photo_domain": "http://xavatar.imedao.com/", "profile": "/1615346458", "profile_image_url": "community/20198/1568866474522-1568866474635.jpg,community/20198/1568866474522-1568866474635.jpg!180x180.png,community/20198/1568866474522-1568866474635.jpg!50x50.png,community/20198/1568866474522-1568866474635.jpg!30x30.png", "screen_name": "\u5510\u671dkqa", "st_color": "1", "status": 2, "status_count": 16, "step": "null", "subscribeable": false, "type": "1", "user": {"allow_all_stock": false, "anonymous": false, "areaCode": "86", "blocking": false, "city": "", "created_at": 1548458587247, "description": "", "donate_count": 0, "donate_snowcoin": 0, "follow_me": false, "followers_count": 2, "following": false, "friends_count": 71, "gender": "n", "id": 1615346458, "last_comment_id": 378354594, "last_status_id": 353620959, "photo_domain": "http://xavatar.imedao.com/", "profile": "/1615346458", "profile_image_url": "community/20198/1568866474522-1568866474635.jpg,community/20198/1568866474522-1568866474635.jpg!180x180.png,community/20198/1568866474522-1568866474635.jpg!50x50.png,community/20198/1568866474522-1568866474635.jpg!30x30.png", "screen_name": "\u5510\u671dkqa", "st_color": "1", "status": 2, "status_count": 16, "step": "null", "truncated": false, "type": "1", "verified": false, "verified_description": "", "verified_type": 0}, "verified": false, "verified_description": "", "verified_realname": false, "verified_type": 0}, "user_id": 1615346458, "view_count": 394}, {"blocked": false, "blocking": false, "canEdit": true, "commentId": 0, "controversial": false, "created_at": 1758346679000, "description": "<a href=\"https://xueqiu.com/S/INTC\" target=\"_blank\">$\u82f1\u7279\u5c14(INTC)$</a> Chiplet\u6280\u672f\u662fIntel\u548cNvidia\u8fd9\u6b21\u8054\u5408\u7684\u6280\u672f\u57fa\u77f3\u3002<br/>Chiplet\u6982\u5ff5\u6700\u521d\u7531Intel\u521b\u59cb\u4eba1965\u5e74\u63d0\u51fa\u30022017 AMD\u5728EPYC CPU\u5927\u89c4\u6a21\u5e94\u7528Chiplet\uff0c\u6807\u5fd7\u7740Chiplet\u8fdb\u5165\u5de5\u4e1a\u5b9e\u8df5\u9636\u6bb5\u3002\u540e\u6765Intel\u4e5f\u5f00\u59cb\u5728\u81ea\u5df1\u7684PC CPU\u4e2d\u91c7\u7528\uff0c\u5e76\u9010\u6e10\u6269\u5c55\u5230\u4e86\u670d\u52a1\u5668CPU\u4e2d\u3002<br/>\u4e4b\u524dAMD\u548cIntel\u7684chiplet\u5b9e\u8df5\u4e3b\u8981\u662f...", "donate_count": 0, "donate_snowcoin": 0, "editable": true, "expend": true, "fav_count": 0, "favorited": false, "flags": 36030033969545216, "hot": false, "id": 353620295, "is_answer": false, "is_bonus": false, "is_refused": false, "is_reward": false, "is_ss_multi_pic": false, "legal_user_visible": false, "like_count": 1, "liked": false, "mark": 0, "pic": "", "promotion_id": 0, "reply_count": 0, "retweet_count": 0, "retweet_status_id": 0, "reward_count": 0, "reward_user_count": 0, "rqid": 0, "source": "\u96ea\u7403", "source_feed": false, "target": "/2123610706/353620295", "text": "<p><a href=\"https://xueqiu.com/S/INTC\" target=\"_blank\">$\u82f1\u7279\u5c14(INTC)$</a> Chiplet\u6280\u672f\u662fIntel\u548cNvidia\u8fd9\u6b21\u8054\u5408\u7684\u6280\u672f\u57fa\u77f3\u3002</p><p>Chiplet\u6982\u5ff5\u6700\u521d\u7531Intel\u521b\u59cb\u4eba1965\u5e74\u63d0\u51fa\u30022017 AMD\u5728EPYC CPU\u5927\u89c4\u6a21\u5e94\u7528Chiplet\uff0c\u6807\u5fd7\u7740Chiplet\u8fdb\u5165\u5de5\u4e1a\u5b9e\u8df5\u9636\u6bb5\u3002\u540e\u6765Intel\u4e5f\u5f00\u59cb\u5728\u81ea\u5df1\u7684PC CPU\u4e2d\u91c7\u7528\uff0c\u5e76\u9010\u6e10\u6269\u5c55\u5230\u4e86\u670d\u52a1\u5668CPU\u4e2d\u3002</p><p>\u4e4b\u524dAMD\u548cIntel\u7684chiplet\u5b9e\u8df5\u4e3b\u8981\u662f\u81ea\u5df1\u5185\u90e8\u5404\u4e2achiplet\u7684\u6574\u5408\u3002\u8fd9\u6b21Intel\u548cNvidia\u7684\u5408\u4f5c\uff0c\u5f00\u542f\u4e86\u8de8\u5382\u5546\u7684\u5927\u89c4\u6a21Chiplet\u5b9e\u8df5\u3002\u4e3a\u672a\u6765\u7684\u534a\u5bfc\u4f53\u4e1a\u754c\u5404\u79cd\u5546\u4e1a\u5408\u4f5c\u5f00\u542f\u4e86\u66f4\u5927\u7684\u7a7a\u95f4\u548c\u60f3\u8c61\u529b\u3002</p>", "timeBefore": "\u4eca\u5929 13:37", "title": "", "trackJson": "{\"fav_count\":0,\"created_at\":1758346679000,\"reply_count\":0,\"client_name\":\"\u96ea\u7403\",\"retweet_count\":0,\"reward_count\":0}", "truncated": false, "truncated_by": 0, "type": "2", "user": {"allow_all_stock": false, "block_status": 0, "blocking": false, "city": "\u6df1\u5733", "common_count": 0, "description": "*\u4e0d\u505a\u77ed\u7ebf\u3001\u4e0d\u505a\u77ed\u7ebf\u3001\u4e0d\u505a\u77ed\u7ebf\uff1b\n*\u9009\u4f18\u79c0\u516c\u53f8\u662f\u7b2c\u4e00\u4f4d\u7684\uff0c\u76f8\u5f53\u4e8e100\u524d\u9762\u76841\uff1b\n*\u5b81\u53ef\u9519\u8fc7\uff0c\u4e0d\u4e70\u5fc3\u865a\u7684\u80a1\u7968\uff1b\n*\u9009\u597d\u80a1(\u62a4\u57ce\u6cb3)\uff0c\u7edd\u5bf9\u4f4e\u4f30\u4e70\u5165(\u5b89\u5168\u8fb9\u9645)\uff1b\n*\u6ce8\u610f\u80a1\u5e02\u7684\u6ede\u540e\u6027\u548c\u63d0\u524d\u6027\uff1b\n*\u8fdc\u79bb\u5e02\u573a\uff0c\u91cd\u4e1a\u52a1\uff0c\u8f7b\u80a1\u5e02\uff1b\n*\u6301\u6709\u4ea7\u751f\u4ef7\u503c\uff0c\u4ee5\u5e74\u4e3a\u5468\u671f\u4f4e\u9891\u64cd\u4f5c\uff1b\n*\u8d85\u8dcc\u6b63\u80a1\u90e8\u5206\u6362\u671f\u6743\uff0c\u907f\u514d\u878d\u8d44\uff1b\u8d85\u6da8\u6362\u56de\u6b63\u80a1\uff1b\n*\u4e0d\u8ffd\u6ce1\u6cab\uff0c\u7b49\u5f85\u6ce1\u6cab\u7834\u88c2\uff0c\u7092\u51b7\u7076\uff1b\n*\u4e0d\u6361\u70df\u8482\u80a1\uff0c\u5173\u6ce8\u6210\u957f\u6027\n---\n\u6c38\u8fdc\u4e0d\u8981\u4f4e\u4f30\u98ce\u9669\u548c\u610f\u5916\uff01", "donate_count": 0, "follow_me": false, "followers_count": 2682, "following": false, "fortuneUser": false, "friends_count": 96, "gender": "m", "id": 2123610706, "last_comment_id": 378342578, "last_status_id": 353620594, "photo_domain": "http://xavatar.imedao.com/", "profile": "/2123610706", "profile_image_url": "community/20198/1567513917367-1567513941100.jpeg,community/20198/1567513917367-1567513941100.jpeg!180x180.png,community/20198/1567513917367-1567513941100.jpeg!50x50.png,community/20198/1567513917367-1567513941100.jpeg!30x30.png", "province": "\u5e7f\u4e1c", "screen_name": "\u52e4\u594b\u7684\u6811\u736d", "st_color": "1", "status": 0, "status_count": 2050, "step": "null", "subscribeable": false, "type": "1", "user": {"allow_all_stock": false, "anonymous": false, "areaCode": "86", "blocking": false, "city": "\u6df1\u5733", "created_at": 1478700665059, "description": "*\u4e0d\u505a\u77ed\u7ebf\u3001\u4e0d\u505a\u77ed\u7ebf\u3001\u4e0d\u505a\u77ed\u7ebf\uff1b\n*\u9009\u4f18\u79c0\u516c\u53f8\u662f\u7b2c\u4e00\u4f4d\u7684\uff0c\u76f8\u5f53\u4e8e100\u524d\u9762\u76841\uff1b\n*\u5b81\u53ef\u9519\u8fc7\uff0c\u4e0d\u4e70\u5fc3\u865a\u7684\u80a1\u7968\uff1b\n*\u9009\u597d\u80a1(\u62a4\u57ce\u6cb3)\uff0c\u7edd\u5bf9\u4f4e\u4f30\u4e70\u5165(\u5b89\u5168\u8fb9\u9645)\uff1b\n*\u6ce8\u610f\u80a1\u5e02\u7684\u6ede\u540e\u6027\u548c\u63d0\u524d\u6027\uff1b\n*\u8fdc\u79bb\u5e02\u573a\uff0c\u91cd\u4e1a\u52a1\uff0c\u8f7b\u80a1\u5e02\uff1b\n*\u6301\u6709\u4ea7\u751f\u4ef7\u503c\uff0c\u4ee5\u5e74\u4e3a\u5468\u671f\u4f4e\u9891\u64cd\u4f5c\uff1b\n*\u8d85\u8dcc\u6b63\u80a1\u90e8\u5206\u6362\u671f\u6743\uff0c\u907f\u514d\u878d\u8d44\uff1b\u8d85\u6da8\u6362\u56de\u6b63\u80a1\uff1b\n*\u4e0d\u8ffd\u6ce1\u6cab\uff0c\u7b49\u5f85\u6ce1\u6cab\u7834\u88c2\uff0c\u7092\u51b7\u7076\uff1b\n*\u4e0d\u6361\u70df\u8482\u80a1\uff0c\u5173\u6ce8\u6210\u957f\u6027\n---\n\u6c38\u8fdc\u4e0d\u8981\u4f4e\u4f30\u98ce\u9669\u548c\u610f\u5916\uff01", "donate_count": 0, "donate_snowcoin": 0, "follow_me": false, "followers_count": 2682, "following": false, "friends_count": 96, "gender": "m", "id": 2123610706, "last_comment_id": 378342578, "last_status_id": 353620594, "photo_domain": "http://xavatar.imedao.com/", "profile": "/2123610706", "profile_image_url": "community/20198/1567513917367-1567513941100.jpeg,community/20198/1567513917367-1567513941100.jpeg!180x180.png,community/20198/1567513917367-1567513941100.jpeg!50x50.png,community/20198/1567513917367-1567513941100.jpeg!30x30.png", "province": "\u5e7f\u4e1c", "screen_name": "\u52e4\u594b\u7684\u6811\u736d", "st_color": "1", "status": 0, "status_count": 2050, "step": "null", "truncated": false, "type": "1", "verified": false, "verified_description": "", "verified_type": 0}, "verified": false, "verified_description": "", "verified_realname": false, "verified_type": 0}, "user_id": 2123610706, "view_count": 1343}, {"blocked": false, "blocking": false, "canEdit": false, "commentId": 378354705, "controversial": false, "created_at": 1758347500000, "description": "\u90a3\u6c99\u96d5\u5468\u56db\u6253\u677f\u6ee1\u4ed3\u88ab\u5957\uff0c\u73b0\u5728\u6025\u5f97\u4e0d\u884c\uff0c\u9a6c\u4e0a\u4e07\u901a\u5c31\u6301\u6709\u82f1\u4f1f\u8fbe\u7684\u80a1\u4efd\u4e86<img src=\"https://assets.imedao.com/ugc/images/face/emoji_80_doge.png?v=1\" title=\"[\u72d7\u5934]\" alt=\"[\u72d7\u5934]\" height=\"24\" />", "donate_count": 0, "donate_snowcoin": 0, "editable": false, "expend": false, "fav_count": 0, "favorited": false, "flags": 137438953472, "hot": false, "id": 353621054, "is_answer": false, "is_bonus": false, "is_refused": false, "is_reward": false, "is_ss_multi_pic": false, "legal_user_visible": false, "like_count": 0, "liked": false, "mark": 0, "pic": "", "promotion_id": 0, "reply_count": 0, "retweet_count": 0, "retweet_status_id": 353617203, "retweeted_status": {"blocked": false, "blocking": false, "canEdit": true, "commentId": 0, "controversial": false, "created_at": 1758343418000, "description": "<a href=\"https://xueqiu.com/S/SH600246\" target=\"_blank\">$\u4e07\u901a\u53d1\u5c55(SH600246)$</a> \u634f\u9020\u95f4\u63a5\u6301\u80a1\u6469\u5c14\u7684\u6d88\u606f\u4f46\u662f\u53c8\u7ed9\u4e0d\u51fa\u5b9e\u8d28\u6027\u53ef\u4f9b\u67e5\u9a8c\u7684\u8bc1\u636e\uff0c\u80af\u5b9a\u662f\u88ab\u5957\u8d44\u91d1\u6563\u64ad\u5047\u6d88\u606f\u9a97\u4eba\u63a5\u76d8\uff0c\u4e00\u7fa4\u9a97\u5b50\uff0c\u5bb3\u4eba\u7cbe\u3002", "donate_count": 0, "donate_snowcoin": 0, "editable": true, "expend": false, "fav_count": 0, "favorited": false, "flags": 36030033969545216, "hot": false, "id": 353617203, "is_answer": false, "is_bonus": false, "is_refused": false, "is_reward": false, "is_ss_multi_pic": false, "legal_user_visible": false, "like_count": 5, "liked": false, "mark": 0, "pic": "", "promotion_id": 0, "reply_count": 1, "retweet_count": 0, "retweet_status_id": 0, "reward_count": 0, "reward_user_count": 0, "rqid": 0, "source": "Android", "source_feed": false, "source_link": "http://xueqiu.com/about/mobile-xueqiu", "target": "/9436391309/353617203", "text": "<a href=\"https://xueqiu.com/S/SH600246\" target=\"_blank\">$\u4e07\u901a\u53d1\u5c55(SH600246)$</a> \u634f\u9020\u95f4\u63a5\u6301\u80a1\u6469\u5c14\u7684\u6d88\u606f\u4f46\u662f\u53c8\u7ed9\u4e0d\u51fa\u5b9e\u8d28\u6027\u53ef\u4f9b\u67e5\u9a8c\u7684\u8bc1\u636e\uff0c\u80af\u5b9a\u662f\u88ab\u5957\u8d44\u91d1\u6563\u64ad\u5047\u6d88\u606f\u9a97\u4eba\u63a5\u76d8\uff0c\u4e00\u7fa4\u9a97\u5b50\uff0c\u5bb3\u4eba\u7cbe\u3002", "timeBefore": "\u4eca\u5929 12:43", "title": "", "trackJson": "{\"fav_count\":0,\"created_at\":1758343418000,\"reply_count\":1,\"client_name\":\"Android\",\"retweet_count\":0,\"reward_count\":0}", "truncated": false, "truncated_by": 0, "type": "0", "user": {"allow_all_stock": false, "block_status": 0, "blocking": false, "city": "\u672a\u77e5", "common_count": 0, "description": "", "donate_count": 0, "follow_me": false, "followers_count": 28, "following": false, "fortuneUser": false, "friends_count": 11, "gender": "n", "id": 9436391309, "last_comment_id": 378355189, "last_status_id": 353617203, "photo_domain": "http://xavatar.imedao.com/", "profile": "/9436391309", "profile_image_url": "community/202410/1730391836124-1730391837171.jpeg,community/202410/1730391836124-1730391837171.jpeg!180x180.png,community/202410/1730391836124-1730391837171.jpeg!50x50.png,community/202410/1730391836124-1730391837171.jpeg!30x30.png", "screen_name": "\u53e4\u62c9\u52a0\u65af\u7684\u7206\u7834\u9152\u6876", "st_color": "1", "status": 2, "status_count": 142, "step": "null", "subscribeable": false, "type": "1", "user": {"allow_all_stock": false, "anonymous": false, "areaCode": "86", "blocking": false, "city": "\u672a\u77e5", "created_at": 1730224897674, "description": "", "donate_count": 0, "donate_snowcoin": 0, "follow_me": false, "followers_count": 28, "following": false, "friends_count": 11, "gender": "n", "id": 9436391309, "last_comment_id": 378355189, "last_status_id": 353617203, "photo_domain": "http://xavatar.imedao.com/", "profile": "/9436391309", "profile_image_url": "community/202410/1730391836124-1730391837171.jpeg,community/202410/1730391836124-1730391837171.jpeg!180x180.png,community/202410/1730391836124-1730391837171.jpeg!50x50.png,community/202410/1730391836124-1730391837171.jpeg!30x30.png", "screen_name": "\u53e4\u62c9\u52a0\u65af\u7684\u7206\u7834\u9152\u6876", "st_color": "1", "status": 2, "status_count": 142, "step": "null", "truncated": false, "type": "1", "verified": false, "verified_description": "", "verified_type": 0}, "verified": false, "verified_description": "", "verified_realname": false, "verified_type": 0}, "user_id": 9436391309, "view_count": 2292}, "reward_count": 0, "reward_user_count": 0, "rqid": 0, "source": "iPhone", "source_feed": false, "source_link": "http://xueqiu.com/about/mobile-xueqiu", "target": "/2681521333/353621054", "text": "\u90a3\u6c99\u96d5\u5468\u56db\u6253\u677f\u6ee1\u4ed3\u88ab\u5957\uff0c\u73b0\u5728\u6025\u5f97\u4e0d\u884c\uff0c\u9a6c\u4e0a\u4e07\u901a\u5c31\u6301\u6709\u82f1\u4f1f\u8fbe\u7684\u80a1\u4efd\u4e86<img src=\"https://assets.imedao.com/ugc/images/face/emoji_80_doge.png?v=1\" title=\"[\u72d7\u5934]\" alt=\"[\u72d7\u5934]\" height=\"24\" />", "timeBefore": "49\u5206\u949f\u524d", "title": "", "trackJson": "{\"fav_count\":0,\"created_at\":1758347500000,\"reply_count\":0,\"client_name\":\"iPhone\",\"retweet_count\":0,\"reward_count\":0}", "truncated": false, "truncated_by": 0, "type": "", "user": {"allow_all_stock": false, "block_status": 0, "blocking": false, "city": "", "common_count": 0, "description": "", "donate_count": 0, "follow_me": false, "followers_count": 0, "following": false, "fortuneUser": false, "friends_count": 8, "gender": "n", "id": 2681521333, "last_comment_id": 378354705, "last_status_id": 353621054, "photo_domain": "http://xavatar.imedao.com/", "profile": "/2681521333", "profile_image_url": "community/202310/1699236416866-1699236417091.png,community/202310/1699236416866-1699236417091.png!180x180.png,community/202310/1699236416866-1699236417091.png!50x50.png,community/202310/1699236416866-1699236417091.png!30x30.png", "screen_name": "\u6e05\u65b0\u7684\u6da8\u5e45\u5c0f\u679c\u6562", "st_color": "1", "status": 2, "status_count": 132, "step": "null", "subscribeable": false, "type": "1", "user": {"allow_all_stock": false, "anonymous": false, "areaCode": "86", "blocking": false, "city": "", "created_at": 1654967531934, "description": "", "donate_count": 0, "donate_snowcoin": 0, "follow_me": false, "followers_count": 0, "following": false, "friends_count": 8, "gender": "n", "id": 2681521333, "last_comment_id": 378354705, "last_status_id": 353621054, "photo_domain": "http://xavatar.imedao.com/", "profile": "/2681521333", "profile_image_url": "community/202310/1699236416866-1699236417091.png,community/202310/1699236416866-1699236417091.png!180x180.png,community/202310/1699236416866-1699236417091.png!50x50.png,community/202310/1699236416866-1699236417091.png!30x30.png", "screen_name": "\u6e05\u65b0\u7684\u6da8\u5e45\u5c0f\u679c\u6562", "st_color": "1", "status": 2, "status_count": 132, "step": "null", "truncated": false, "type": "1", "verified": false, "verified_description": "", "verified_type": 0}, "verified": false, "verified_description": "", "verified_realname": false, "verified_type": 0}, "user_id": 2681521333, "view_count": 55}], "maxPage": 100, "page": 1, "q": "NVDA", "query_id": 1969290653783965696, "recommend_cards": []}