{"about": "TSLA", "count": 1000, "key": "TSLA", "list": [{"blocked": false, "blocking": false, "canEdit": true, "commentId": 0, "controversial": false, "created_at": 1758338295000, "description": "\u4e9a\u5229\u6851\u90a3\u5dde\u4ea4\u901a\u90e8\u95e8\u5f53\u5730\u65f6\u95f4\u5468\u4e94\u8868\u793a\uff0c\u7279\u65af\u62c9\u5df2\u83b7\u5f97\u6279\u51c6\uff0c\u53ef\u5728\u8be5\u5dde\u6d4b\u8bd5\u914d\u5907\u5b89\u5168\u76d1\u7763\u5458\u7684\u5168\u81ea\u52a8\u9a7e\u9a76\u673a\u5668\u4eba\u51fa\u79df\u8f66\u3002 \u4e9a\u5229\u6851\u90a3\u5dde\u4ea4\u901a\u90e8\u95e8\u5728\u90ae\u4ef6\u4e2d\u79f0\uff0c\u7279\u65af\u62c9\u5df2\u4e8e6\u6708\u7533\u8bf7\u81ea\u52a8\u9a7e\u9a76\u6c7d\u8f66\u62fc\u8f66\u670d\u52a1\u7684\u6d4b\u8bd5\u8bb8\u53ef\uff0c\u76ee\u524d\u8ba1\u5212... <a href=\"https://finance.sina.com.cn/stock/usstock/c/2025-09-20/doc-infrcarp2206345.shtml\" title=\"https://finance.sina.com.cn/stock/usstock/c/2025-09-20/doc-infrcarp2206345.shtml\" target=\"_blank\" class=\"status-link\">\u7f51\u9875\u94fe\u63a5</a>", "donate_count": 0, "donate_snowcoin": 0, "editable": false, "expend": false, "fav_count": 0, "favorited": false, "flags": 137438953472, "hot": false, "id": 353611295, "is_answer": false, "is_bonus": false, "is_refused": false, "is_reward": false, "is_ss_multi_pic": false, "legal_user_visible": false, "like_count": 2, "liked": false, "mark": 0, "pic": "", "promotion_id": 0, "quote_cards": [{"host": "http://finance.sina.com.cn", "img_type": "NONE", "img_url": "", "source": "\u65b0\u6d6a\u8d22\u7ecf", "target_url": "https://finance.sina.com.cn/stock/usstock/c/2025-09-20/doc-infrcarp2206345.shtml", "title": "\u7279\u65af\u62c9\u83b7\u51c6\u5728\u4e9a\u5229\u6851\u90a3\u5dde\u6d4b\u8bd5\u5168\u81ea\u52a8\u9a7e\u9a76\u673a\u5668\u4eba\u51fa\u79df\u8f66"}], "reply_count": 0, "retweet_count": 0, "retweet_status_id": 0, "reward_count": 0, "reward_user_count": 0, "rqid": 0, "source": "\u65b0\u95fb", "source_feed": false, "symbol_id": "TSLA", "target": "/S/TSLA/353611295", "text": "\u4e9a\u5229\u6851\u90a3\u5dde\u4ea4\u901a\u90e8\u95e8\u5f53\u5730\u65f6\u95f4\u5468\u4e94\u8868\u793a\uff0c\u7279\u65af\u62c9\u5df2\u83b7\u5f97\u6279\u51c6\uff0c\u53ef\u5728\u8be5\u5dde\u6d4b\u8bd5\u914d\u5907\u5b89\u5168\u76d1\u7763\u5458\u7684\u5168\u81ea\u52a8\u9a7e\u9a76\u673a\u5668\u4eba\u51fa\u79df\u8f66\u3002 \u4e9a\u5229\u6851\u90a3\u5dde\u4ea4\u901a\u90e8\u95e8\u5728\u90ae\u4ef6\u4e2d\u79f0\uff0c\u7279\u65af\u62c9\u5df2\u4e8e6\u6708\u7533\u8bf7\u81ea\u52a8\u9a7e\u9a76\u6c7d\u8f66\u62fc\u8f66\u670d\u52a1\u7684\u6d4b\u8bd5\u8bb8\u53ef\uff0c\u76ee\u524d\u8ba1\u5212... <a href=\"https://finance.sina.com.cn/stock/usstock/c/2025-09-20/doc-infrcarp2206345.shtml\" title=\"https://finance.sina.com.cn/stock/usstock/c/2025-09-20/doc-infrcarp2206345.shtml\" target=\"_blank\" class=\"status-link\">\u7f51\u9875\u94fe\u63a5</a>", "timeBefore": "\u4eca\u5929 11:18", "title": "\u7279\u65af\u62c9\u83b7\u51c6\u5728\u4e9a\u5229\u6851\u90a3\u5dde\u6d4b\u8bd5\u5168\u81ea\u52a8\u9a7e\u9a76\u673a\u5668\u4eba\u51fa\u79df\u8f66", "trackJson": "{\"fav_count\":0,\"created_at\":1758338295000,\"reply_count\":0,\"client_name\":\"\",\"retweet_count\":0,\"reward_count\":0}", "truncated": false, "truncated_by": 0, "type": "", "user": {"allow_all_stock": false, "block_status": 0, "blocking": false, "city": "", "common_count": 0, "donate_count": 0, "follow_me": false, "following": false, "fortuneUser": false, "id": 0, "photo_domain": "http://xavatar.imedao.com/", "profile": "/S/TSLA", "profile_image_url": "stocks/TSLA.gif,stocks/TSLA-30x30.gif,stocks/TSLA-50x50.gif,stocks/TSLA-100x100.gif", "screen_name": "\u7279\u65af\u62c9(TSLA)", "st_color": "0", "status": 0, "subscribeable": false, "user": {"allow_all_stock": false, "anonymous": false, "blocking": false, "donate_count": 0, "donate_snowcoin": 0, "follow_me": false, "following": false, "id": 0, "photo_domain": "http://xavatar.imedao.com/", "profile": "/S/TSLA", "profile_image_url": "stocks/TSLA.gif,stocks/TSLA-30x30.gif,stocks/TSLA-50x50.gif,stocks/TSLA-100x100.gif", "screen_name": "\u7279\u65af\u62c9(TSLA)", "st_color": "0", "status": 0, "truncated": false}, "verified_realname": false}, "user_id": -1, "view_count": 5763}, {"blocked": false, "blocking": false, "canEdit": true, "commentId": 0, "controversial": false, "created_at": 1758338079000, "description": "<a href=\"https://xueqiu.com/P/ZH1797865\" target=\"_blank\">$\u6f02\u4eae\u7f8e\u80a1(ZH1797865)$</a> \u968f\u7740\u7279\u65af\u62c9\u80a1\u4ef7\u56de\u5230\u5e74\u5185\u6b63\u6da8\u5e45\uff0c\u8fd9\u5468\u6709\u4e09\u4e2a\u4ea4\u6613\u65e5\u6536\u76d8\u65f6\uff0c\u5355\u4f4d\u51c0\u503c\u7a81\u7834\u5386\u53f2\u65b0\u9ad8\uff0c\u5468\u4e94\u6536\u76d8\u7684\u6700\u65b0\u5386\u53f2\u6da8\u5e45\u8fbe\u5230707.6%\u3002<a href=\"https://xueqiu.com/S/TSLA\" target=\"_blank\">$\u7279\u65af\u62c9(TSLA)$</a> <a href=\"https://xueqiu.com/S/NVDA\" target=\"_blank\">$\u82f1\u4f1f\u8fbe(NVDA)$</a>", "donate_count": 0, "donate_snowcoin": 0, "editable": true, "edited_at": 1758338158000, "expend": false, "fav_count": 0, "favorited": false, "flags": 36028934457917440, "hot": false, "id": 353611033, "is_answer": false, "is_bonus": false, "is_refused": false, "is_reward": false, "is_ss_multi_pic": false, "legal_user_visible": false, "like_count": 2, "liked": false, "mark": 0, "pic": "", "promotion_id": 0, "reply_count": 0, "retweet_count": 0, "retweet_status_id": 0, "reward_count": 0, "reward_user_count": 0, "rqid": 0, "source": "Android", "source_feed": false, "source_link": "http://xueqiu.com/about/mobile-xueqiu", "target": "/7295532505/353611033", "text": "<a href=\"https://xueqiu.com/P/ZH1797865\" target=\"_blank\">$\u6f02\u4eae\u7f8e\u80a1(ZH1797865)$</a> \u968f\u7740\u7279\u65af\u62c9\u80a1\u4ef7\u56de\u5230\u5e74\u5185\u6b63\u6da8\u5e45\uff0c\u8fd9\u5468\u6709\u4e09\u4e2a\u4ea4\u6613\u65e5\u6536\u76d8\u65f6\uff0c\u5355\u4f4d\u51c0\u503c\u7a81\u7834\u5386\u53f2\u65b0\u9ad8\uff0c\u5468\u4e94\u6536\u76d8\u7684\u6700\u65b0\u5386\u53f2\u6da8\u5e45\u8fbe\u5230707.6%\u3002<a href=\"https://xueqiu.com/S/TSLA\" target=\"_blank\">$\u7279\u65af\u62c9(TSLA)$</a> <a href=\"https://xueqiu.com/S/NVDA\" target=\"_blank\">$\u82f1\u4f1f\u8fbe(NVDA)$</a>", "timeBefore": "\u4eca\u5929 11:14", "title": "", "trackJson": "{\"fav_count\":0,\"created_at\":1758338079000,\"reply_count\":0,\"client_name\":\"Android\",\"retweet_count\":0,\"reward_count\":0}", "truncated": false, "truncated_by": 0, "type": "0", "user": {"allow_all_stock": false, "block_status": 0, "blocking": false, "city": "\u6fb3\u5927\u5229\u4e9a", "common_count": 0, "description": "34\u5e74\u8001\u80a1\u6c11", "domain": "ququ70", "donate_count": 0, "follow_me": false, "followers_count": 5401, "following": false, "fortuneUser": false, "friends_count": 293, "gender": "m", "id": 7295532505, "last_comment_id": 376627369, "last_status_id": 353611033, "photo_domain": "http://xavatar.imedao.com/", "profile": "/ququ70", "profile_image_url": "community/20249/1729516691881-1729516692339.jpeg,community/20249/1729516691881-1729516692339.jpeg!180x180.png,community/20249/1729516691881-1729516692339.jpeg!50x50.png,community/20249/1729516691881-1729516692339.jpeg!30x30.png", "province": "\u6d77\u5916", "screen_name": "\u8001\u59dc\u4e0d\u8fa3888", "st_color": "1", "status": 1, "status_count": 618, "step": "three", "subscribeable": false, "type": "1", "user": {"allow_all_stock": false, "anonymous": false, "areaCode": "86", "blocking": false, "city": "\u6fb3\u5927\u5229\u4e9a", "created_at": 1383185385363, "description": "34\u5e74\u8001\u80a1\u6c11", "domain": "ququ70", "donate_count": 0, "donate_snowcoin": 0, "follow_me": false, "followers_count": 5401, "following": false, "friends_count": 293, "gender": "m", "id": 7295532505, "last_comment_id": 376627369, "last_status_id": 353611033, "photo_domain": "http://xavatar.imedao.com/", "profile": "/ququ70", "profile_image_url": "community/20249/1729516691881-1729516692339.jpeg,community/20249/1729516691881-1729516692339.jpeg!180x180.png,community/20249/1729516691881-1729516692339.jpeg!50x50.png,community/20249/1729516691881-1729516692339.jpeg!30x30.png", "province": "\u6d77\u5916", "screen_name": "\u8001\u59dc\u4e0d\u8fa3888", "st_color": "1", "status": 1, "status_count": 618, "step": "three", "truncated": false, "type": "1", "verified": false, "verified_description": "", "verified_infos": [{"verified_desc": "\u7528\u6237\u5df2\u5b8c\u6210\u5b9e\u540d\u8eab\u4efd\u8ba4\u8bc1", "verified_type": "5"}], "verified_type": 0}, "verified": false, "verified_description": "", "verified_infos": [{"verified_desc": "\u7528\u6237\u5df2\u5b8c\u6210\u5b9e\u540d\u8eab\u4efd\u8ba4\u8bc1", "verified_type": "5"}], "verified_realname": false, "verified_type": 0}, "user_id": 7295532505, "view_count": 1442}, {"blocked": false, "blocking": false, "canEdit": false, "commentId": 378343470, "controversial": false, "created_at": 1758338036000, "description": "\u56de\u590d<a href=\"https://xueqiu.com/n/\u6d41\u6d6a\u6df7\u7403\" target=\"_blank\">@\u6d41\u6d6a\u6df7\u7403</a>: \u7279\u65af\u62c9\u673a\u5668\u4eba\u7b97\u6cd5\u662f\u57fa\u4e8e\u81ea\u5df1\u5efa\u9020\u7684\u670d\u52a1\u5668\uff0c\u8fd9\u4e2a\u670d\u52a1\u5668\u53ef\u4ee5\u53bb\u4e86\u89e3\u4e0b\uff0c\u4e2d\u56fd\u672a\u67655\u5e74\u90fd\u6ca1\u620f\uff0c\u5148\u628aYWD\u677f\u5b50\u62ff\u5230\u518d\u8bf4\u3002//<a href=\"https://xueqiu.com/n/\u6d41\u6d6a\u6df7\u7403\" target=\"_blank\">@\u6d41\u6d6a\u6df7\u7403</a>:\u56de\u590d<a href=\"https://xueqiu.com/n/\u5c71\u98ceb0w\" target=\"_blank\">@\u5c71\u98ceb0w</a>:\u7279\u65af\u62c9\u4e0d\u7528\u5965\u6bd4\u786e\u5b9e\u662f\u4e8b\u5b9e\uff0c\u4f46\u95ee\u9898\u662f\u7279\u65af\u62c9\u4e5f\u6ca1\u8bc1\u660e\u5b83\u7684\u8def\u7ebf\u5c31\u4e00\u5b9a\u662f\u6700\u4f18\u7684\u5427\u3002\u73b0\u5728\u6574\u4e2a\u673a\u5668\u4eba\u884c\u4e1a\u8fd8\u662f\u524d\u671f\u8bd5\u9519\u9636\u6bb5\uff0c\u4e0d\u540c\u7684\u8def\u7ebf\u90fd\u6709\u53ef\u80fd\u3002\u53e6...", "donate_count": 0, "donate_snowcoin": 0, "editable": false, "expend": true, "fav_count": 0, "favorited": false, "flags": 36030033969545216, "hot": false, "id": 353610971, "is_answer": false, "is_bonus": false, "is_refused": false, "is_reward": false, "is_ss_multi_pic": false, "legal_user_visible": false, "like_count": 0, "liked": false, "mark": 0, "pic": "", "promotion_id": 0, "reply_count": 1, "retweet_count": 0, "retweet_status_id": 353386028, "retweeted_status": {"blocked": false, "blocking": false, "canEdit": true, "commentId": 0, "controversial": false, "created_at": 1758207946000, "description": "<a href=\"https://xueqiu.com/S/SH688322\" target=\"_blank\">$\u5965\u6bd4\u4e2d\u5149-UW(SH688322)$</a> \u4e3a\u4ec0\u4e48\u8d70\u7684\u90a3\u4e48\u5dee\uff1f<br/>\u5965\u6bd4\u4e2d\u5149\u5b98\u65b9\u6d88\u606f\uff0c\u6ca1\u6709\u63a5\u5230\u7279\u65af\u62c9\u91cf\u4ea7\u7684\u8ba2\u5355\u3002\u90a3\u4e48\u95ee\u9898\u6765\u4e86\uff0c\u4e3a\u4ec0\u4e48\uff1f\u5982\u679c\u8ba4\u771f\u5206\u6790\u7279\u65af\u62c9optimus3\u7684\u89c6\u89c9\u7cfb\u7edf\u65b9\u6848\uff0c\u4eba\u5bb6\u91c7\u7528\u7684\u662f\u4e09\u4e2a2d\u6444\u50cf\u5934\uff0c\u79fb\u690d\u4e86\u7279\u65af\u62c9\u65e0\u4eba\u9a7e\u9a76\u7684\u6280\u672f\uff0c\u8d70\u7684\u662f\u6700\u5f3a\u5927\u8111\u642d\u914d\u89c6\u89c9\uff0c\u7ecf\u8fc7\u5927\u6570\u636e\u6a21\u62df\u540e\u7684ai\uff0c\u5916\u52a0\u4e0d\u540c\u7684\u67b6\u6784\uff0c\u5b8c\u5168...", "donate_count": 0, "donate_snowcoin": 0, "editable": true, "expend": true, "fav_count": 6, "favorited": false, "flags": 36030033969545216, "hot": false, "id": 353386028, "is_answer": false, "is_bonus": false, "is_refused": false, "is_reward": false, "is_ss_multi_pic": false, "legal_user_visible": false, "like_count": 6, "liked": false, "mark": 0, "pic": "", "promotion_id": 0, "reply_count": 42, "retweet_count": 0, "retweet_status_id": 0, "reward_count": 0, "reward_user_count": 0, "rqid": 0, "source": "iPhone", "source_feed": false, "source_link": "http://xueqiu.com/about/mobile-xueqiu", "target": "/5497360331/353386028", "text": "<a href=\"https://xueqiu.com/S/SH688322\" target=\"_blank\">$\u5965\u6bd4\u4e2d\u5149-UW(SH688322)$</a> \u4e3a\u4ec0\u4e48\u8d70\u7684\u90a3\u4e48\u5dee\uff1f<br/>\u5965\u6bd4\u4e2d\u5149\u5b98\u65b9\u6d88\u606f\uff0c\u6ca1\u6709\u63a5\u5230\u7279\u65af\u62c9\u91cf\u4ea7\u7684\u8ba2\u5355\u3002\u90a3\u4e48\u95ee\u9898\u6765\u4e86\uff0c\u4e3a\u4ec0\u4e48\uff1f\u5982\u679c\u8ba4\u771f\u5206\u6790\u7279\u65af\u62c9optimus3\u7684\u89c6\u89c9\u7cfb\u7edf\u65b9\u6848\uff0c\u4eba\u5bb6\u91c7\u7528\u7684\u662f\u4e09\u4e2a2d\u6444\u50cf\u5934\uff0c\u79fb\u690d\u4e86\u7279\u65af\u62c9\u65e0\u4eba\u9a7e\u9a76\u7684\u6280\u672f\uff0c\u8d70\u7684\u662f\u6700\u5f3a\u5927\u8111\u642d\u914d\u89c6\u89c9\uff0c\u7ecf\u8fc7\u5927\u6570\u636e\u6a21\u62df\u540e\u7684ai\uff0c\u5916\u52a0\u4e0d\u540c\u7684\u67b6\u6784\uff0c\u5b8c\u5168\u6709\u522b\u4e8e\u5965\u6bd4\u4e2d\u5149\u7684\u89c6\u89c9-\u5149\u82af\u7247-\u5927\u8111\u82af\u7247\u7684\u6280\u672f\u7ebf\u8def\uff0c\u5927\u5927\u7f29\u77ed\u4e86\u53cd\u5e94\u901f\u5ea6\u3002\u8fd9\u662fai\u4e0e\u666e\u901a\u5de5\u7a0b\u7ea7\u522b\u7684\u4ee3\u5dee\uff0c\u6362\u53e5\u8bdd\u8bf4\uff0c\u7279\u65af\u62c9\u7684\u89c6\u89c9\u7cfb\u7edf\u91cc\uff0c\u6839\u672c\u4e0d\u9700\u8981\u5965\u6bd4\u4e2d\u5149\u7684\u6280\u672f\uff0c\u4eba\u5bb6\u662f\u78be\u538b\u4f60\uff0c\u8fd9\u662f\u65e0\u6cd5\u903e\u8d8a\u7684\u9e3f\u6c9f\uff0c\u4e5f\u662f\u7279\u65af\u62c9\u80fd\u91cf\u4ea7\u7684\u672c\u8d28\u539f\u56e0\u3002\u6240\u4ee5\u4f60\u80fd\u660e\u767d\u5965\u6bd4\u7684\u5f31\u52bf\u4e86\u4e48\uff1f\u8fd9\u662f\u88ab\u6dd8\u6c70\u7684\u6280\u672f\u7ebf\u8def\u3002\u662f\u667a\u9a7e\u4e0e\u81ea\u52a8\u9a7e\u9a76\u7684\u533a\u522b\uff0c\u5728\u6c7d\u8f66\u4e0a\u5df2\u7ecf\u8bc1\u660e\u8fc7\u4e86\u3002", "timeBefore": "09-18 23:05", "title": "", "trackJson": "{\"fav_count\":6,\"created_at\":1758207946000,\"reply_count\":42,\"client_name\":\"iPhone\",\"retweet_count\":0,\"reward_count\":0}", "truncated": false, "truncated_by": 0, "type": "2", "user": {"allow_all_stock": false, "block_status": 0, "blocking": false, "city": "", "common_count": 0, "description": "", "donate_count": 0, "follow_me": false, "followers_count": 13, "following": false, "fortuneUser": false, "friends_count": 49, "gender": "n", "id": 5497360331, "last_comment_id": 378336347, "last_status_id": 353604401, "photo_domain": "http://xavatar.imedao.com/", "profile": "/5497360331", "profile_image_url": "community/201811/1544096026058-1544096026204.jpg,community/201811/1544096026058-1544096026204.jpg!180x180.png,community/201811/1544096026058-1544096026204.jpg!50x50.png,community/201811/1544096026058-1544096026204.jpg!30x30.png", "screen_name": "\u5c71\u98ceb0w", "st_color": "1", "status": 2, "status_count": 17, "step": "null", "subscribeable": false, "type": "1", "user": {"allow_all_stock": false, "anonymous": false, "areaCode": "86", "blocking": false, "city": "", "created_at": 1528934679542, "description": "", "donate_count": 0, "donate_snowcoin": 0, "follow_me": false, "followers_count": 13, "following": false, "friends_count": 49, "gender": "n", "id": 5497360331, "last_comment_id": 378336347, "last_status_id": 353604401, "photo_domain": "http://xavatar.imedao.com/", "profile": "/5497360331", "profile_image_url": "community/201811/1544096026058-1544096026204.jpg,community/201811/1544096026058-1544096026204.jpg!180x180.png,community/201811/1544096026058-1544096026204.jpg!50x50.png,community/201811/1544096026058-1544096026204.jpg!30x30.png", "screen_name": "\u5c71\u98ceb0w", "st_color": "1", "status": 2, "status_count": 17, "step": "null", "truncated": false, "type": "1", "verified": false, "verified_description": "", "verified_type": 0}, "verified": false, "verified_description": "", "verified_realname": false, "verified_type": 0}, "user_id": 5497360331, "view_count": 13646}, "reward_count": 0, "reward_user_count": 0, "rqid": 0, "source": "Android", "source_feed": false, "source_link": "http://xueqiu.com/about/mobile-xueqiu", "target": "/1816335761/353610971", "text": "\u56de\u590d<a href=\"https://xueqiu.com/n/\u6d41\u6d6a\u6df7\u7403\" target=\"_blank\">@\u6d41\u6d6a\u6df7\u7403</a>: \u7279\u65af\u62c9\u673a\u5668\u4eba\u7b97\u6cd5\u662f\u57fa\u4e8e\u81ea\u5df1\u5efa\u9020\u7684\u670d\u52a1\u5668\uff0c\u8fd9\u4e2a\u670d\u52a1\u5668\u53ef\u4ee5\u53bb\u4e86\u89e3\u4e0b\uff0c\u4e2d\u56fd\u672a\u67655\u5e74\u90fd\u6ca1\u620f\uff0c\u5148\u628aYWD\u677f\u5b50\u62ff\u5230\u518d\u8bf4\u3002//<a href=\"https://xueqiu.com/n/\u6d41\u6d6a\u6df7\u7403\" target=\"_blank\">@\u6d41\u6d6a\u6df7\u7403</a>:\u56de\u590d<a href=\"https://xueqiu.com/n/\u5c71\u98ceb0w\" target=\"_blank\">@\u5c71\u98ceb0w</a>:\u7279\u65af\u62c9\u4e0d\u7528\u5965\u6bd4\u786e\u5b9e\u662f\u4e8b\u5b9e\uff0c\u4f46\u95ee\u9898\u662f\u7279\u65af\u62c9\u4e5f\u6ca1\u8bc1\u660e\u5b83\u7684\u8def\u7ebf\u5c31\u4e00\u5b9a\u662f\u6700\u4f18\u7684\u5427\u3002\u73b0\u5728\u6574\u4e2a\u673a\u5668\u4eba\u884c\u4e1a\u8fd8\u662f\u524d\u671f\u8bd5\u9519\u9636\u6bb5\uff0c\u4e0d\u540c\u7684\u8def\u7ebf\u90fd\u6709\u53ef\u80fd\u3002\u53e6\u5916\u82f1\u4f1f\u8fbe\u673a\u5668\u4eba\u7684\u89c6\u89c9\u7cfb\u7edf\u5c31\u7528\u7684\u5965\u6bd4", "timeBefore": "\u4eca\u5929 11:13", "title": "", "trackJson": "{\"fav_count\":0,\"created_at\":1758338036000,\"reply_count\":1,\"client_name\":\"Android\",\"retweet_count\":0,\"reward_count\":0}", "truncated": false, "truncated_by": 0, "type": "", "user": {"allow_all_stock": false, "block_status": 0, "blocking": false, "city": "", "common_count": 0, "description": "", "donate_count": 0, "follow_me": false, "followers_count": 47, "following": false, "fortuneUser": false, "friends_count": 118, "id": 1816335761, "last_comment_id": 378343470, "last_status_id": 353610971, "photo_domain": "http://xavatar.imedao.com/", "profile": "/1816335761", "profile_image_url": "community/201911/1575387116975-1575387117172.jpg,community/201911/1575387116975-1575387117172.jpg!180x180.png,community/201911/1575387116975-1575387117172.jpg!50x50.png,community/201911/1575387116975-1575387117172.jpg!30x30.png", "screen_name": "\u6211\u72311\u6211\u5bb6", "st_color": "1", "status": 2, "status_count": 653, "step": "null", "subscribeable": false, "type": "1", "user": {"allow_all_stock": false, "anonymous": false, "areaCode": "86", "blocking": false, "city": "", "created_at": 1488954053914, "description": "", "donate_count": 0, "donate_snowcoin": 0, "follow_me": false, "followers_count": 47, "following": false, "friends_count": 118, "id": 1816335761, "last_comment_id": 378343470, "last_status_id": 353610971, "photo_domain": "http://xavatar.imedao.com/", "profile": "/1816335761", "profile_image_url": "community/201911/1575387116975-1575387117172.jpg,community/201911/1575387116975-1575387117172.jpg!180x180.png,community/201911/1575387116975-1575387117172.jpg!50x50.png,community/201911/1575387116975-1575387117172.jpg!30x30.png", "screen_name": "\u6211\u72311\u6211\u5bb6", "st_color": "1", "status": 2, "status_count": 653, "step": "null", "truncated": false, "type": "1", "verified": false, "verified_description": "", "verified_type": 0}, "verified": false, "verified_description": "", "verified_realname": false, "verified_type": 0}, "user_id": 1816335761, "view_count": 1643}, {"blocked": false, "blocking": false, "canEdit": false, "commentId": 378343067, "controversial": false, "created_at": 1758337781000, "description": "\u56de\u590d<a href=\"https://xueqiu.com/n/\u4f18\u7f8e\u5c71\u6d77\" target=\"_blank\">@\u4f18\u7f8e\u5c71\u6d77</a>: \u8c01\u9020\u5047\u4e86\uff1f\u7279\u65af\u62c9\u81ea\u5df1\u4ece\u6765\u6ca1\u8bf4\u8fc7\u6709\u8fd9\u56de\u4e8b//<a href=\"https://xueqiu.com/n/\u4f18\u7f8e\u5c71\u6d77\" target=\"_blank\">@\u4f18\u7f8e\u5c71\u6d77</a>:\u56de\u590d<a href=\"https://xueqiu.com/n/\u8c0b\u800c\u4e8b\u4e4b\" target=\"_blank\">@\u8c0b\u800c\u4e8b\u4e4b</a>:\u7167\u7406\u4e0a\u5e02\u516c\u53f8\u4e0d\u6562\u8fd9\u6837\u516c\u5f00\u9020\u5047\uff0c\u53ef\u80fd\u662f\u786e\u5b9e\u9700\u8981\u8d2d\u4e70\u4f46\u672a\u7b7e\u5408\u540c\uff0c\u518d\u5f85\u6d88\u606f\u516c\u5e03", "donate_count": 0, "donate_snowcoin": 0, "editable": false, "expend": false, "fav_count": 0, "favorited": false, "flags": 1236950581248, "hot": false, "id": 353610594, "is_answer": false, "is_bonus": false, "is_refused": false, "is_reward": false, "is_ss_multi_pic": false, "legal_user_visible": false, "like_count": 0, "liked": false, "mark": 0, "pic": "", "promotion_id": 0, "reply_count": 1, "retweet_count": 0, "retweet_status_id": 353468083, "retweeted_status": {"blocked": false, "blocking": false, "canEdit": true, "commentId": 0, "controversial": false, "created_at": 1758253035000, "description": "\u9a6c\u65af\u514b\u8bf4\u673a\u5668\u4eba\u8ba2\u5355\u662f\u5047\u7684\uff0c\u5bf9\u4eca\u5929A\u80a1\u673a\u5668\u4eba\u80a1\u4ef7\u5f62\u6210\u4e86\u6253\u538b\u3002\uff08\u8fd9\u79cd\u4e8b\u90fd\u80fd\u73a9\u5047\u7684\uff0c\u771f\u662f\u670d\u4e86\u7f8e\u5e1d\u3002\u3002\u3002\uff09 <br/>\u4e0d\u8fc7\uff0c\u7279\u65af\u62c9\u81ea\u5df1\u80a1\u4ef7\u90fd\u6ca1\u5565\uff0cA\u80a1\u673a\u5668\u4eba\u81ea\u5df1\u5148\u614c\u4e86\u3002 <br/>\u53ea\u9700\u8981\u60f3\u4e00\u4e2a\u95ee\u9898\uff0c\u524d\u4e24\u5929\u6ca1\u8fd9\u4e2a\u8ba2\u5355\uff0c\u4f1a\u600e\u6837\uff1f <br/>\u7167\u6837\u80fd\u6da8\u554a\uff0c\u53ea\u662f\u6ca1\u8fd9\u4e48\u66b4\u529b\uff0c\u4e0d\u4f1a\u6709\u8fd9\u4e48\u591a\u6295\u673a\u76d8\u8fdb\u6765\u3002 <br/>\u5982\u6b64\u662f\u4e0d\u662f...", "donate_count": 0, "donate_snowcoin": 0, "editable": true, "expend": true, "fav_count": 10, "favorited": false, "flags": 36030033969545216, "hot": false, "id": 353468083, "is_answer": false, "is_bonus": false, "is_refused": false, "is_reward": false, "is_ss_multi_pic": false, "legal_user_visible": false, "like_count": 58, "liked": false, "mark": 0, "pic": "", "promotion_id": 0, "reply_count": 51, "retweet_count": 0, "retweet_status_id": 0, "reward_count": 0, "reward_user_count": 0, "rqid": 0, "source": "\u96ea\u7403", "source_feed": false, "target": "/3945042689/353468083", "text": "<p>\u9a6c\u65af\u514b\u8bf4\u673a\u5668\u4eba\u8ba2\u5355\u662f\u5047\u7684\uff0c\u5bf9\u4eca\u5929A\u80a1\u673a\u5668\u4eba\u80a1\u4ef7\u5f62\u6210\u4e86\u6253\u538b\u3002\uff08\u8fd9\u79cd\u4e8b\u90fd\u80fd\u73a9\u5047\u7684\uff0c\u771f\u662f\u670d\u4e86\u7f8e\u5e1d\u3002\u3002\u3002\uff09 </p><p>\u4e0d\u8fc7\uff0c\u7279\u65af\u62c9\u81ea\u5df1\u80a1\u4ef7\u90fd\u6ca1\u5565\uff0cA\u80a1\u673a\u5668\u4eba\u81ea\u5df1\u5148\u614c\u4e86\u3002 </p><p>\u53ea\u9700\u8981\u60f3\u4e00\u4e2a\u95ee\u9898\uff0c\u524d\u4e24\u5929\u6ca1\u8fd9\u4e2a\u8ba2\u5355\uff0c\u4f1a\u600e\u6837\uff1f </p><p>\u7167\u6837\u80fd\u6da8\u554a\uff0c\u53ea\u662f\u6ca1\u8fd9\u4e48\u66b4\u529b\uff0c\u4e0d\u4f1a\u6709\u8fd9\u4e48\u591a\u6295\u673a\u76d8\u8fdb\u6765\u3002 </p><p>\u5982\u6b64\u662f\u4e0d\u662f\u60f3\u901a\u4e86\uff1f </p><p>\u4e0d\u8981\u8ddf\u7740\u80a1\u4ef7\u601d\u8003\uff0c\u6da8\u4e86\u725b\u903c\uff0c\u8dcc\u4e86\u5783\u573e\u3001\u5957\u8def\u3002\u3002 </p><p>\u8fd8\u662f\u8fd9\u53e5\uff0c\u725b\u5e02\u7684\u6025\u8dcc\uff0c\u5c31\u662f\u9001\u94b1\u3002<a href=\"https://xueqiu.com/S/SZ002050\" target=\"_blank\">$\u4e09\u82b1\u667a\u63a7(SZ002050)$</a> <a href=\"https://xueqiu.com/S/SH601689\" target=\"_blank\">$\u62d3\u666e\u96c6\u56e2(SH601689)$</a> <a href=\"https://xueqiu.com/S/SH603119\" target=\"_blank\">$\u6d59\u6c5f\u8363\u6cf0(SH603119)$</a> </p>", "timeBefore": "09-19 11:37", "title": "", "trackJson": "{\"fav_count\":10,\"created_at\":1758253035000,\"reply_count\":51,\"client_name\":\"\u96ea\u7403\",\"retweet_count\":0,\"reward_count\":0}", "truncated": false, "truncated_by": 0, "type": "2", "user": {"allow_all_stock": false, "block_status": 0, "blocking": false, "city": "", "common_count": 0, "description": "\u6e05\u534e\u5de5\u79d1+TOP\u8d44\u7ba1\uff5c2023\u5e742\u6708\u5e95\u90e8all in AI\uff5c2025\u5e741\u6708\u9886\u5148\u5207\u5165\u673a\u5668\u4eba\uff5c2025\u5e745\u6708\u628a\u63e1\u521b\u65b0\u836f\uff5c\u6b63\u5408\u5947\u80dc+\u9f99\u5934\u601d\u7ef4\uff5c\u5206\u4eab\u7a7f\u900f\u4ea7\u4e1a\u7684\u6df1\u5ea6\u6295\u7814\u903b\u8f91\u4e0e\u524d\u77bb\u6d1e\u89c1", "donate_count": 0, "follow_me": false, "followers_count": 10844, "following": false, "fortuneUser": false, "friends_count": 8, "gender": "m", "id": 3945042689, "last_comment_id": 378223459, "last_status_id": 353474925, "photo_domain": "http://xavatar.imedao.com/", "profile": "/3945042689", "profile_image_url": "community/20182/1522403369799-1522403370003.jpg,community/20182/1522403369799-1522403370003.jpg!180x180.png,community/20182/1522403369799-1522403370003.jpg!50x50.png,community/20182/1522403369799-1522403370003.jpg!30x30.png", "screen_name": "\u4e58\u9ec418", "st_color": "1", "status": 2, "status_count": 1167, "step": "null", "subscribeable": false, "type": "1", "user": {"allow_all_stock": false, "anonymous": false, "areaCode": "86", "blocking": false, "city": "", "created_at": 1522403314981, "description": "\u6e05\u534e\u5de5\u79d1+TOP\u8d44\u7ba1\uff5c2023\u5e742\u6708\u5e95\u90e8all in AI\uff5c2025\u5e741\u6708\u9886\u5148\u5207\u5165\u673a\u5668\u4eba\uff5c2025\u5e745\u6708\u628a\u63e1\u521b\u65b0\u836f\uff5c\u6b63\u5408\u5947\u80dc+\u9f99\u5934\u601d\u7ef4\uff5c\u5206\u4eab\u7a7f\u900f\u4ea7\u4e1a\u7684\u6df1\u5ea6\u6295\u7814\u903b\u8f91\u4e0e\u524d\u77bb\u6d1e\u89c1", "donate_count": 0, "donate_snowcoin": 0, "follow_me": false, "followers_count": 10844, "following": false, "friends_count": 8, "gender": "m", "id": 3945042689, "last_comment_id": 378223459, "last_status_id": 353474925, "photo_domain": "http://xavatar.imedao.com/", "profile": "/3945042689", "profile_image_url": "community/20182/1522403369799-1522403370003.jpg,community/20182/1522403369799-1522403370003.jpg!180x180.png,community/20182/1522403369799-1522403370003.jpg!50x50.png,community/20182/1522403369799-1522403370003.jpg!30x30.png", "screen_name": "\u4e58\u9ec418", "st_color": "1", "status": 2, "status_count": 1167, "step": "null", "truncated": false, "type": "1", "verified": false, "verified_description": "", "verified_type": 0}, "verified": false, "verified_description": "", "verified_realname": false, "verified_type": 0}, "user_id": 3945042689, "view_count": 107520}, "reward_count": 0, "reward_user_count": 0, "rqid": 0, "source": "Android", "source_feed": false, "source_link": "http://xueqiu.com/about/mobile-xueqiu", "target": "/2715581829/353610594", "text": "\u56de\u590d<a href=\"https://xueqiu.com/n/\u4f18\u7f8e\u5c71\u6d77\" target=\"_blank\">@\u4f18\u7f8e\u5c71\u6d77</a>: \u8c01\u9020\u5047\u4e86\uff1f\u7279\u65af\u62c9\u81ea\u5df1\u4ece\u6765\u6ca1\u8bf4\u8fc7\u6709\u8fd9\u56de\u4e8b//<a href=\"https://xueqiu.com/n/\u4f18\u7f8e\u5c71\u6d77\" target=\"_blank\">@\u4f18\u7f8e\u5c71\u6d77</a>:\u56de\u590d<a href=\"https://xueqiu.com/n/\u8c0b\u800c\u4e8b\u4e4b\" target=\"_blank\">@\u8c0b\u800c\u4e8b\u4e4b</a>:\u7167\u7406\u4e0a\u5e02\u516c\u53f8\u4e0d\u6562\u8fd9\u6837\u516c\u5f00\u9020\u5047\uff0c\u53ef\u80fd\u662f\u786e\u5b9e\u9700\u8981\u8d2d\u4e70\u4f46\u672a\u7b7e\u5408\u540c\uff0c\u518d\u5f85\u6d88\u606f\u516c\u5e03", "timeBefore": "\u4eca\u5929 11:09", "title": "", "trackJson": "{\"fav_count\":0,\"created_at\":1758337781000,\"reply_count\":1,\"client_name\":\"Android\",\"retweet_count\":0,\"reward_count\":0}", "truncated": false, "truncated_by": 0, "type": "", "user": {"allow_all_stock": false, "block_status": 0, "blocking": false, "city": "\u4e0d\u9650", "common_count": 0, "description": "", "donate_count": 0, "follow_me": false, "followers_count": 831, "following": false, "fortuneUser": false, "friends_count": 597, "gender": "m", "id": 2715581829, "last_comment_id": 378349797, "last_status_id": 353616642, "photo_domain": "http://xavatar.imedao.com/", "profile": "/2715581829", "profile_image_url": "community/20249/1728178286363-1728178286491.jpeg,community/20249/1728178286363-1728178286491.jpeg!180x180.png,community/20249/1728178286363-1728178286491.jpeg!50x50.png,community/20249/1728178286363-1728178286491.jpeg!30x30.png", "province": "\u5e7f\u4e1c", "screen_name": "\u505aAI\u603b\u53f8\u4ee4", "st_color": "1", "status": 0, "status_count": 4696, "step": "null", "subscribeable": false, "type": "1", "user": {"ability": "\u4e09\u805a\u73af\u4fdd,\u4ea8\u901a\u5149\u7535", "allow_all_stock": false, "anonymous": false, "areaCode": "86", "blocking": false, "city": "\u4e0d\u9650", "created_at": 1427785393304, "description": "", "donate_count": 0, "donate_snowcoin": 0, "follow_me": false, "followers_count": 831, "following": false, "friends_count": 597, "gender": "m", "id": 2715581829, "last_comment_id": 378349797, "last_status_id": 353616642, "photo_domain": "http://xavatar.imedao.com/", "profile": "/2715581829", "profile_image_url": "community/20249/1728178286363-1728178286491.jpeg,community/20249/1728178286363-1728178286491.jpeg!180x180.png,community/20249/1728178286363-1728178286491.jpeg!50x50.png,community/20249/1728178286363-1728178286491.jpeg!30x30.png", "province": "\u5e7f\u4e1c", "screen_name": "\u505aAI\u603b\u53f8\u4ee4", "st_color": "1", "status": 0, "status_count": 4696, "step": "null", "truncated": false, "type": "1", "verified": false, "verified_description": "", "verified_type": 0}, "verified": false, "verified_description": "", "verified_realname": false, "verified_type": 0}, "user_id": 2715581829, "view_count": 1613}, {"blocked": false, "blocking": false, "canEdit": false, "commentId": 378343003, "controversial": false, "created_at": 1758337736000, "description": "\u56de\u590d<a href=\"https://xueqiu.com/n/\u8c0b\u800c\u4e8b\u4e4b\" target=\"_blank\">@\u8c0b\u800c\u4e8b\u4e4b</a>: \u522b\u626f\u4e86\uff0c\u4e0b\u8ba2\u5355\u90a3\u5bb6\u516c\u53f8\u90fd\u662f\u5047\u7684\uff0c\u8e6d\u7279\u65af\u62c9\u673a\u5668\u4eba\u6982\u5ff5\u5708\u94b1\uff0c\u8fd8\u5728\u5e7b\u60f3//<a href=\"https://xueqiu.com/n/\u8c0b\u800c\u4e8b\u4e4b\" target=\"_blank\">@\u8c0b\u800c\u4e8b\u4e4b</a>:\u56de\u590d<a href=\"https://xueqiu.com/n/\u4e58\u9ec418\" target=\"_blank\">@\u4e58\u9ec418</a>:\u9a6c\u65af\u514b\u7684\u8bc4\u8bba\u5e76\u4e0d\u662f\u8bf4\u673a\u5668\u4eba\u8ba2\u5355\u5047\uff0c\u800c\u662f\u8bf4\u90a3\u4e2a\u673a\u5668\u4eba\u7684\u56fe\u662f\u5047\u7684\u3002\u4e0d\u8fc7\u56fd\u5185\u97ed\u83dc\u591a\uff0c\u673a\u6784\u4e5f\u662f\u97ed\u83dc\uff0c\u4e0d\u5f71\u54cd\u501f\u9898\u53d1\u6325\u51fa\u8d27", "donate_count": 0, "donate_snowcoin": 0, "editable": false, "expend": false, "fav_count": 0, "favorited": false, "flags": 1236950581248, "hot": false, "id": 353610528, "is_answer": false, "is_bonus": false, "is_refused": false, "is_reward": false, "is_ss_multi_pic": false, "legal_user_visible": false, "like_count": 0, "liked": false, "mark": 0, "pic": "", "promotion_id": 0, "reply_count": 0, "retweet_count": 0, "retweet_status_id": 353468083, "retweeted_status": {"blocked": false, "blocking": false, "canEdit": true, "commentId": 0, "controversial": false, "created_at": 1758253035000, "description": "\u9a6c\u65af\u514b\u8bf4\u673a\u5668\u4eba\u8ba2\u5355\u662f\u5047\u7684\uff0c\u5bf9\u4eca\u5929A\u80a1\u673a\u5668\u4eba\u80a1\u4ef7\u5f62\u6210\u4e86\u6253\u538b\u3002\uff08\u8fd9\u79cd\u4e8b\u90fd\u80fd\u73a9\u5047\u7684\uff0c\u771f\u662f\u670d\u4e86\u7f8e\u5e1d\u3002\u3002\u3002\uff09 <br/>\u4e0d\u8fc7\uff0c\u7279\u65af\u62c9\u81ea\u5df1\u80a1\u4ef7\u90fd\u6ca1\u5565\uff0cA\u80a1\u673a\u5668\u4eba\u81ea\u5df1\u5148\u614c\u4e86\u3002 <br/>\u53ea\u9700\u8981\u60f3\u4e00\u4e2a\u95ee\u9898\uff0c\u524d\u4e24\u5929\u6ca1\u8fd9\u4e2a\u8ba2\u5355\uff0c\u4f1a\u600e\u6837\uff1f <br/>\u7167\u6837\u80fd\u6da8\u554a\uff0c\u53ea\u662f\u6ca1\u8fd9\u4e48\u66b4\u529b\uff0c\u4e0d\u4f1a\u6709\u8fd9\u4e48\u591a\u6295\u673a\u76d8\u8fdb\u6765\u3002 <br/>\u5982\u6b64\u662f\u4e0d\u662f...", "donate_count": 0, "donate_snowcoin": 0, "editable": true, "expend": true, "fav_count": 10, "favorited": false, "flags": 36030033969545216, "hot": false, "id": 353468083, "is_answer": false, "is_bonus": false, "is_refused": false, "is_reward": false, "is_ss_multi_pic": false, "legal_user_visible": false, "like_count": 58, "liked": false, "mark": 0, "pic": "", "promotion_id": 0, "reply_count": 51, "retweet_count": 0, "retweet_status_id": 0, "reward_count": 0, "reward_user_count": 0, "rqid": 0, "source": "\u96ea\u7403", "source_feed": false, "target": "/3945042689/353468083", "text": "<p>\u9a6c\u65af\u514b\u8bf4\u673a\u5668\u4eba\u8ba2\u5355\u662f\u5047\u7684\uff0c\u5bf9\u4eca\u5929A\u80a1\u673a\u5668\u4eba\u80a1\u4ef7\u5f62\u6210\u4e86\u6253\u538b\u3002\uff08\u8fd9\u79cd\u4e8b\u90fd\u80fd\u73a9\u5047\u7684\uff0c\u771f\u662f\u670d\u4e86\u7f8e\u5e1d\u3002\u3002\u3002\uff09 </p><p>\u4e0d\u8fc7\uff0c\u7279\u65af\u62c9\u81ea\u5df1\u80a1\u4ef7\u90fd\u6ca1\u5565\uff0cA\u80a1\u673a\u5668\u4eba\u81ea\u5df1\u5148\u614c\u4e86\u3002 </p><p>\u53ea\u9700\u8981\u60f3\u4e00\u4e2a\u95ee\u9898\uff0c\u524d\u4e24\u5929\u6ca1\u8fd9\u4e2a\u8ba2\u5355\uff0c\u4f1a\u600e\u6837\uff1f </p><p>\u7167\u6837\u80fd\u6da8\u554a\uff0c\u53ea\u662f\u6ca1\u8fd9\u4e48\u66b4\u529b\uff0c\u4e0d\u4f1a\u6709\u8fd9\u4e48\u591a\u6295\u673a\u76d8\u8fdb\u6765\u3002 </p><p>\u5982\u6b64\u662f\u4e0d\u662f\u60f3\u901a\u4e86\uff1f </p><p>\u4e0d\u8981\u8ddf\u7740\u80a1\u4ef7\u601d\u8003\uff0c\u6da8\u4e86\u725b\u903c\uff0c\u8dcc\u4e86\u5783\u573e\u3001\u5957\u8def\u3002\u3002 </p><p>\u8fd8\u662f\u8fd9\u53e5\uff0c\u725b\u5e02\u7684\u6025\u8dcc\uff0c\u5c31\u662f\u9001\u94b1\u3002<a href=\"https://xueqiu.com/S/SZ002050\" target=\"_blank\">$\u4e09\u82b1\u667a\u63a7(SZ002050)$</a> <a href=\"https://xueqiu.com/S/SH601689\" target=\"_blank\">$\u62d3\u666e\u96c6\u56e2(SH601689)$</a> <a href=\"https://xueqiu.com/S/SH603119\" target=\"_blank\">$\u6d59\u6c5f\u8363\u6cf0(SH603119)$</a> </p>", "timeBefore": "09-19 11:37", "title": "", "trackJson": "{\"fav_count\":10,\"created_at\":1758253035000,\"reply_count\":51,\"client_name\":\"\u96ea\u7403\",\"retweet_count\":0,\"reward_count\":0}", "truncated": false, "truncated_by": 0, "type": "2", "user": {"allow_all_stock": false, "block_status": 0, "blocking": false, "city": "", "common_count": 0, "description": "\u6e05\u534e\u5de5\u79d1+TOP\u8d44\u7ba1\uff5c2023\u5e742\u6708\u5e95\u90e8all in AI\uff5c2025\u5e741\u6708\u9886\u5148\u5207\u5165\u673a\u5668\u4eba\uff5c2025\u5e745\u6708\u628a\u63e1\u521b\u65b0\u836f\uff5c\u6b63\u5408\u5947\u80dc+\u9f99\u5934\u601d\u7ef4\uff5c\u5206\u4eab\u7a7f\u900f\u4ea7\u4e1a\u7684\u6df1\u5ea6\u6295\u7814\u903b\u8f91\u4e0e\u524d\u77bb\u6d1e\u89c1", "donate_count": 0, "follow_me": false, "followers_count": 10844, "following": false, "fortuneUser": false, "friends_count": 8, "gender": "m", "id": 3945042689, "last_comment_id": 378223459, "last_status_id": 353474925, "photo_domain": "http://xavatar.imedao.com/", "profile": "/3945042689", "profile_image_url": "community/20182/1522403369799-1522403370003.jpg,community/20182/1522403369799-1522403370003.jpg!180x180.png,community/20182/1522403369799-1522403370003.jpg!50x50.png,community/20182/1522403369799-1522403370003.jpg!30x30.png", "screen_name": "\u4e58\u9ec418", "st_color": "1", "status": 2, "status_count": 1167, "step": "null", "subscribeable": false, "type": "1", "user": {"allow_all_stock": false, "anonymous": false, "areaCode": "86", "blocking": false, "city": "", "created_at": 1522403314981, "description": "\u6e05\u534e\u5de5\u79d1+TOP\u8d44\u7ba1\uff5c2023\u5e742\u6708\u5e95\u90e8all in AI\uff5c2025\u5e741\u6708\u9886\u5148\u5207\u5165\u673a\u5668\u4eba\uff5c2025\u5e745\u6708\u628a\u63e1\u521b\u65b0\u836f\uff5c\u6b63\u5408\u5947\u80dc+\u9f99\u5934\u601d\u7ef4\uff5c\u5206\u4eab\u7a7f\u900f\u4ea7\u4e1a\u7684\u6df1\u5ea6\u6295\u7814\u903b\u8f91\u4e0e\u524d\u77bb\u6d1e\u89c1", "donate_count": 0, "donate_snowcoin": 0, "follow_me": false, "followers_count": 10844, "following": false, "friends_count": 8, "gender": "m", "id": 3945042689, "last_comment_id": 378223459, "last_status_id": 353474925, "photo_domain": "http://xavatar.imedao.com/", "profile": "/3945042689", "profile_image_url": "community/20182/1522403369799-1522403370003.jpg,community/20182/1522403369799-1522403370003.jpg!180x180.png,community/20182/1522403369799-1522403370003.jpg!50x50.png,community/20182/1522403369799-1522403370003.jpg!30x30.png", "screen_name": "\u4e58\u9ec418", "st_color": "1", "status": 2, "status_count": 1167, "step": "null", "truncated": false, "type": "1", "verified": false, "verified_description": "", "verified_type": 0}, "verified": false, "verified_description": "", "verified_realname": false, "verified_type": 0}, "user_id": 3945042689, "view_count": 107520}, "reward_count": 0, "reward_user_count": 0, "rqid": 0, "source": "Android", "source_feed": false, "source_link": "http://xueqiu.com/about/mobile-xueqiu", "target": "/2715581829/353610528", "text": "\u56de\u590d<a href=\"https://xueqiu.com/n/\u8c0b\u800c\u4e8b\u4e4b\" target=\"_blank\">@\u8c0b\u800c\u4e8b\u4e4b</a>: \u522b\u626f\u4e86\uff0c\u4e0b\u8ba2\u5355\u90a3\u5bb6\u516c\u53f8\u90fd\u662f\u5047\u7684\uff0c\u8e6d\u7279\u65af\u62c9\u673a\u5668\u4eba\u6982\u5ff5\u5708\u94b1\uff0c\u8fd8\u5728\u5e7b\u60f3//<a href=\"https://xueqiu.com/n/\u8c0b\u800c\u4e8b\u4e4b\" target=\"_blank\">@\u8c0b\u800c\u4e8b\u4e4b</a>:\u56de\u590d<a href=\"https://xueqiu.com/n/\u4e58\u9ec418\" target=\"_blank\">@\u4e58\u9ec418</a>:\u9a6c\u65af\u514b\u7684\u8bc4\u8bba\u5e76\u4e0d\u662f\u8bf4\u673a\u5668\u4eba\u8ba2\u5355\u5047\uff0c\u800c\u662f\u8bf4\u90a3\u4e2a\u673a\u5668\u4eba\u7684\u56fe\u662f\u5047\u7684\u3002\u4e0d\u8fc7\u56fd\u5185\u97ed\u83dc\u591a\uff0c\u673a\u6784\u4e5f\u662f\u97ed\u83dc\uff0c\u4e0d\u5f71\u54cd\u501f\u9898\u53d1\u6325\u51fa\u8d27", "timeBefore": "\u4eca\u5929 11:08", "title": "", "trackJson": "{\"fav_count\":0,\"created_at\":1758337736000,\"reply_count\":0,\"client_name\":\"Android\",\"retweet_count\":0,\"reward_count\":0}", "truncated": false, "truncated_by": 0, "type": "", "user": {"allow_all_stock": false, "block_status": 0, "blocking": false, "city": "\u4e0d\u9650", "common_count": 0, "description": "", "donate_count": 0, "follow_me": false, "followers_count": 831, "following": false, "fortuneUser": false, "friends_count": 597, "gender": "m", "id": 2715581829, "last_comment_id": 378349797, "last_status_id": 353616642, "photo_domain": "http://xavatar.imedao.com/", "profile": "/2715581829", "profile_image_url": "community/20249/1728178286363-1728178286491.jpeg,community/20249/1728178286363-1728178286491.jpeg!180x180.png,community/20249/1728178286363-1728178286491.jpeg!50x50.png,community/20249/1728178286363-1728178286491.jpeg!30x30.png", "province": "\u5e7f\u4e1c", "screen_name": "\u505aAI\u603b\u53f8\u4ee4", "st_color": "1", "status": 0, "status_count": 4696, "step": "null", "subscribeable": false, "type": "1", "user": {"ability": "\u4e09\u805a\u73af\u4fdd,\u4ea8\u901a\u5149\u7535", "allow_all_stock": false, "anonymous": false, "areaCode": "86", "blocking": false, "city": "\u4e0d\u9650", "created_at": 1427785393304, "description": "", "donate_count": 0, "donate_snowcoin": 0, "follow_me": false, "followers_count": 831, "following": false, "friends_count": 597, "gender": "m", "id": 2715581829, "last_comment_id": 378349797, "last_status_id": 353616642, "photo_domain": "http://xavatar.imedao.com/", "profile": "/2715581829", "profile_image_url": "community/20249/1728178286363-1728178286491.jpeg,community/20249/1728178286363-1728178286491.jpeg!180x180.png,community/20249/1728178286363-1728178286491.jpeg!50x50.png,community/20249/1728178286363-1728178286491.jpeg!30x30.png", "province": "\u5e7f\u4e1c", "screen_name": "\u505aAI\u603b\u53f8\u4ee4", "st_color": "1", "status": 0, "status_count": 4696, "step": "null", "truncated": false, "type": "1", "verified": false, "verified_description": "", "verified_type": 0}, "verified": false, "verified_description": "", "verified_realname": false, "verified_type": 0}, "user_id": 2715581829, "view_count": 1591}, {"blocked": false, "blocking": false, "canEdit": false, "commentId": 378342913, "controversial": false, "created_at": 1758337671000, "description": "\u56de\u590d<a href=\"https://xueqiu.com/n/\u5c0f\u9e4f\u851a\u6765\u7406\u60f3\u4e70\u5c0f\u7c73\" target=\"_blank\">@\u5c0f\u9e4f\u851a\u6765\u7406\u60f3\u4e70\u5c0f\u7c73</a>: \u54e6\u54e6\uff0c\u5bf9\u54e6\uff0c\u7279\u65af\u62c9\u4e5f\u662f\u4e00\u6837\u5305\u88c5\u8f7b\u91cf\u5316\uff0c\u96f7\u519b\u4e5f\u662f\u8fd9\u4e48\u5305\u88c5\u8f7b\u91cf\u5316\u7684\uff0c\u5c31\u4f60\u6700\u61c2\u8f66//<a href=\"https://xueqiu.com/n/\u5c0f\u9e4f\u851a\u6765\u7406\u60f3\u4e70\u5c0f\u7c73\" target=\"_blank\">@\u5c0f\u9e4f\u851a\u6765\u7406\u60f3\u4e70\u5c0f\u7c73</a>:\u56de\u590d<a href=\"https://xueqiu.com/n/\u4e0b\u7740\u96e8\u7684\u65b0\u5c4b\u718a\" target=\"_blank\">@\u4e0b\u7740\u96e8\u7684\u65b0\u5c4b\u718a</a>:\u5982\u4f55\u624d\u80fd\u628a\u964d\u4f4e\u6210\u672c\u5077\u5de5\u51cf\u6599\u7684\u8f66\u5356\u51fa\u53bb\uff1f\u6839\u636e\u524d\u8f88\u7ecf\u9a8c\u5c31\u662f\u5305\u88c5\u6210\u8f7b\u91cf\u5316\u8bbe\u8ba1\uff0c\u53cd\u6b63\u666e\u901a\u767e\u59d3\u4e5f\u4e0d\u61c2<img src=\"https://assets.imedao.com/ugc/images/face/emoji_09_cry.png?v=1\" title=\"[\u54ed\u6ce3]\" alt=\"[\u54ed\u6ce3]\" height=\"24\" />", "donate_count": 0, "donate_snowcoin": 0, "editable": false, "expend": false, "fav_count": 0, "favorited": false, "flags": 1236950581248, "hot": false, "id": 353610456, "is_answer": false, "is_bonus": false, "is_refused": false, "is_reward": false, "is_ss_multi_pic": false, "legal_user_visible": false, "like_count": 0, "liked": false, "mark": 0, "pic": "", "promotion_id": 0, "reply_count": 0, "retweet_count": 0, "retweet_status_id": 353596970, "retweeted_status": {"blocked": false, "blocking": false, "canEdit": true, "commentId": 0, "controversial": false, "created_at": 1758325982000, "description": "\u5bf9\u6bd4\u4e0b\u65b0\u6b3e\u7406\u60f3I6\u548c\u4e50\u9053L60\u6574\u8f66\u8d28\u91cf\uff0c\u7406\u60f3i6\u7684\u91cd\u91cf\u592a\u5927\u4e86<a href=\"https://xueqiu.com/k?q=%23%E8%94%9A%E6%9D%A5%23\" target=\"_blank\">#\u851a\u6765#</a> <a href=\"https://xueqiu.com/k?q=%23%E6%96%B0%E8%83%BD%E6%BA%90%E6%B1%BD%E8%BD%A6%23\" target=\"_blank\">#\u65b0\u80fd\u6e90\u6c7d\u8f66#</a> <a href=\"https://xueqiu.com/k?q=%23%E7%90%86%E6%83%B3i6%23\" target=\"_blank\">#\u7406\u60f3i6#</a>", "donate_count": 0, "donate_snowcoin": 0, "editable": true, "expend": true, "fav_count": 1, "favorited": false, "firstImg": "https://xqimg.imedao.com/19964653179b4333fe6ecdbf.jpg!thumb.jpg", "flags": 36030033969545216, "hot": false, "id": 353596970, "is_answer": false, "is_bonus": false, "is_refused": false, "is_reward": false, "is_ss_multi_pic": false, "legal_user_visible": false, "like_count": 1, "liked": false, "mark": 0, "pic": "https://xqimg.imedao.com/19964653179b4333fe6ecdbf.jpg!thumb.jpg", "pic_sizes": [{"height": 959, "ratio": "0.75", "score": 0, "setHeight": true, "setRatio": true, "setScore": true, "setWidth": true, "width": 720}], "promotion_id": 0, "reply_count": 53, "retweet_count": 0, "retweet_status_id": 0, "reward_count": 0, "reward_user_count": 0, "rqid": 0, "source": "iPhone", "source_feed": false, "source_link": "http://xueqiu.com/about/mobile-xueqiu", "target": "/7289785661/353596970", "text": "\u5bf9\u6bd4\u4e0b\u65b0\u6b3e\u7406\u60f3I6\u548c\u4e50\u9053L60\u6574\u8f66\u8d28\u91cf\uff0c\u7406\u60f3i6\u7684\u91cd\u91cf\u592a\u5927\u4e86<a href=\"https://xueqiu.com/k?q=%23%E8%94%9A%E6%9D%A5%23\" target=\"_blank\">#\u851a\u6765#</a> <a href=\"https://xueqiu.com/k?q=%23%E6%96%B0%E8%83%BD%E6%BA%90%E6%B1%BD%E8%BD%A6%23\" target=\"_blank\">#\u65b0\u80fd\u6e90\u6c7d\u8f66#</a> <a href=\"https://xueqiu.com/k?q=%23%E7%90%86%E6%83%B3i6%23\" target=\"_blank\">#\u7406\u60f3i6#</a><br/><img class=\"ke_img\" src=\"https://xqimg.imedao.com/19964653179b4333fe6ecdbf.jpg!custom.jpg\" />", "timeBefore": "\u4eca\u5929 07:53", "title": "", "trackJson": "{\"fav_count\":1,\"created_at\":1758325982000,\"reply_count\":53,\"client_name\":\"iPhone\",\"retweet_count\":0,\"reward_count\":0}", "truncated": false, "truncated_by": 0, "type": "0", "user": {"allow_all_stock": false, "block_status": 0, "blocking": false, "city": "\u4f5b\u5c71", "common_count": 0, "description": "\u575a\u6301\u505a\u5bf9\u7684\u4e8b\u60c5\uff0c\u53cd\u4eba\u6027\u624d\u4f1a\u6709\u6536\u76ca\uff01", "donate_count": 0, "follow_me": false, "followers_count": 9, "following": false, "fortuneUser": false, "friends_count": 53, "gender": "m", "id": 7289785661, "last_comment_id": 378346593, "last_status_id": 353613776, "photo_domain": "http://xavatar.imedao.com/", "profile": "/7289785661", "profile_image_url": "community/20257/1755587306894-1755587307208.jpg,community/20257/1755587306894-1755587307208.jpg!180x180.png,community/20257/1755587306894-1755587307208.jpg!50x50.png,community/20257/1755587306894-1755587307208.jpg!30x30.png", "province": "\u5e7f\u4e1c", "screen_name": "\u4e0b\u7740\u96e8\u7684\u65b0\u5c4b\u718a", "st_color": "1", "status": 2, "status_count": 173, "step": "null", "subscribeable": false, "type": "1", "user": {"allow_all_stock": false, "anonymous": false, "areaCode": "86", "blocking": false, "city": "\u4f5b\u5c71", "created_at": 1741529847240, "description": "\u575a\u6301\u505a\u5bf9\u7684\u4e8b\u60c5\uff0c\u53cd\u4eba\u6027\u624d\u4f1a\u6709\u6536\u76ca\uff01", "donate_count": 0, "donate_snowcoin": 0, "follow_me": false, "followers_count": 9, "following": false, "friends_count": 53, "gender": "m", "id": 7289785661, "last_comment_id": 378346593, "last_status_id": 353613776, "photo_domain": "http://xavatar.imedao.com/", "profile": "/7289785661", "profile_image_url": "community/20257/1755587306894-1755587307208.jpg,community/20257/1755587306894-1755587307208.jpg!180x180.png,community/20257/1755587306894-1755587307208.jpg!50x50.png,community/20257/1755587306894-1755587307208.jpg!30x30.png", "province": "\u5e7f\u4e1c", "screen_name": "\u4e0b\u7740\u96e8\u7684\u65b0\u5c4b\u718a", "st_color": "1", "status": 2, "status_count": 173, "step": "null", "truncated": false, "type": "1", "verified": false, "verified_description": "", "verified_type": 0}, "verified": false, "verified_description": "", "verified_realname": false, "verified_type": 0}, "user_id": 7289785661, "view_count": 1546}, "reward_count": 0, "reward_user_count": 0, "rqid": 0, "source": "iPhone", "source_feed": false, "source_link": "http://xueqiu.com/about/mobile-xueqiu", "target": "/7289785661/353610456", "text": "\u56de\u590d<a href=\"https://xueqiu.com/n/\u5c0f\u9e4f\u851a\u6765\u7406\u60f3\u4e70\u5c0f\u7c73\" target=\"_blank\">@\u5c0f\u9e4f\u851a\u6765\u7406\u60f3\u4e70\u5c0f\u7c73</a>: \u54e6\u54e6\uff0c\u5bf9\u54e6\uff0c\u7279\u65af\u62c9\u4e5f\u662f\u4e00\u6837\u5305\u88c5\u8f7b\u91cf\u5316\uff0c\u96f7\u519b\u4e5f\u662f\u8fd9\u4e48\u5305\u88c5\u8f7b\u91cf\u5316\u7684\uff0c\u5c31\u4f60\u6700\u61c2\u8f66//<a href=\"https://xueqiu.com/n/\u5c0f\u9e4f\u851a\u6765\u7406\u60f3\u4e70\u5c0f\u7c73\" target=\"_blank\">@\u5c0f\u9e4f\u851a\u6765\u7406\u60f3\u4e70\u5c0f\u7c73</a>:\u56de\u590d<a href=\"https://xueqiu.com/n/\u4e0b\u7740\u96e8\u7684\u65b0\u5c4b\u718a\" target=\"_blank\">@\u4e0b\u7740\u96e8\u7684\u65b0\u5c4b\u718a</a>:\u5982\u4f55\u624d\u80fd\u628a\u964d\u4f4e\u6210\u672c\u5077\u5de5\u51cf\u6599\u7684\u8f66\u5356\u51fa\u53bb\uff1f\u6839\u636e\u524d\u8f88\u7ecf\u9a8c\u5c31\u662f\u5305\u88c5\u6210\u8f7b\u91cf\u5316\u8bbe\u8ba1\uff0c\u53cd\u6b63\u666e\u901a\u767e\u59d3\u4e5f\u4e0d\u61c2<img src=\"https://assets.imedao.com/ugc/images/face/emoji_09_cry.png?v=1\" title=\"[\u54ed\u6ce3]\" alt=\"[\u54ed\u6ce3]\" height=\"24\" />", "timeBefore": "\u4eca\u5929 11:07", "title": "", "trackJson": "{\"fav_count\":0,\"created_at\":1758337671000,\"reply_count\":0,\"client_name\":\"iPhone\",\"retweet_count\":0,\"reward_count\":0}", "truncated": false, "truncated_by": 0, "type": "", "user": {"allow_all_stock": false, "block_status": 0, "blocking": false, "city": "\u4f5b\u5c71", "common_count": 0, "description": "\u575a\u6301\u505a\u5bf9\u7684\u4e8b\u60c5\uff0c\u53cd\u4eba\u6027\u624d\u4f1a\u6709\u6536\u76ca\uff01", "donate_count": 0, "follow_me": false, "followers_count": 9, "following": false, "fortuneUser": false, "friends_count": 53, "gender": "m", "id": 7289785661, "last_comment_id": 378346593, "last_status_id": 353613776, "photo_domain": "http://xavatar.imedao.com/", "profile": "/7289785661", "profile_image_url": "community/20257/1755587306894-1755587307208.jpg,community/20257/1755587306894-1755587307208.jpg!180x180.png,community/20257/1755587306894-1755587307208.jpg!50x50.png,community/20257/1755587306894-1755587307208.jpg!30x30.png", "province": "\u5e7f\u4e1c", "screen_name": "\u4e0b\u7740\u96e8\u7684\u65b0\u5c4b\u718a", "st_color": "1", "status": 2, "status_count": 173, "step": "null", "subscribeable": false, "type": "1", "user": {"allow_all_stock": false, "anonymous": false, "areaCode": "86", "blocking": false, "city": "\u4f5b\u5c71", "created_at": 1741529847240, "description": "\u575a\u6301\u505a\u5bf9\u7684\u4e8b\u60c5\uff0c\u53cd\u4eba\u6027\u624d\u4f1a\u6709\u6536\u76ca\uff01", "donate_count": 0, "donate_snowcoin": 0, "follow_me": false, "followers_count": 9, "following": false, "friends_count": 53, "gender": "m", "id": 7289785661, "last_comment_id": 378346593, "last_status_id": 353613776, "photo_domain": "http://xavatar.imedao.com/", "profile": "/7289785661", "profile_image_url": "community/20257/1755587306894-1755587307208.jpg,community/20257/1755587306894-1755587307208.jpg!180x180.png,community/20257/1755587306894-1755587307208.jpg!50x50.png,community/20257/1755587306894-1755587307208.jpg!30x30.png", "province": "\u5e7f\u4e1c", "screen_name": "\u4e0b\u7740\u96e8\u7684\u65b0\u5c4b\u718a", "st_color": "1", "status": 2, "status_count": 173, "step": "null", "truncated": false, "type": "1", "verified": false, "verified_description": "", "verified_type": 0}, "verified": false, "verified_description": "", "verified_realname": false, "verified_type": 0}, "user_id": 7289785661, "view_count": 1310}, {"blocked": false, "blocking": false, "canEdit": true, "commentId": 0, "controversial": false, "created_at": 1758337478000, "description": "\u9a6c\u65af\u514b\u56de\u5230\u7279\u65af\u62c9\u624d\u662f\u6b63\u9014\uff0c\u522b\u53bb\u78b0\u653f\u6cbb\uff01", "donate_count": 0, "donate_snowcoin": 0, "editable": true, "expend": false, "fav_count": 0, "favorited": false, "flags": 1236950581248, "hot": false, "id": 353610165, "is_answer": false, "is_bonus": false, "is_refused": false, "is_reward": false, "is_ss_multi_pic": false, "legal_user_visible": false, "like_count": 4, "liked": false, "mark": 0, "pic": "", "promotion_id": 0, "reply_count": 1, "retweet_count": 0, "retweet_status_id": 0, "reward_count": 0, "reward_user_count": 0, "rqid": 0, "source": "Android", "source_feed": false, "source_link": "http://xueqiu.com/about/mobile-xueqiu", "target": "/4880628941/353610165", "text": "\u9a6c\u65af\u514b\u56de\u5230\u7279\u65af\u62c9\u624d\u662f\u6b63\u9014\uff0c\u522b\u53bb\u78b0\u653f\u6cbb\uff01", "timeBefore": "\u4eca\u5929 11:04", "title": "", "trackJson": "{\"fav_count\":0,\"created_at\":1758337478000,\"reply_count\":1,\"client_name\":\"Android\",\"retweet_count\":0,\"reward_count\":0}", "truncated": false, "truncated_by": 0, "type": "0", "user": {"allow_all_stock": false, "block_status": 0, "blocking": false, "city": "", "common_count": 0, "description": "\u4ef7\u503c\u6295\u8d44\u9700\u8981\u8fc7\u4e94\u5173\uff1a\u7b2c\u4e00\u5173\u5728\u4f4e\u4f30\u503c\u52c7\u4e8e\u4e70\u5165\u5e76\u4e14\u91cd\u4ed3\u6301\u6709\uff1b\u7b2c\u4e8c\u5173\u5f53\u5e02\u573a\u4e0d\u65ad\u4e0b\u8dcc\uff0c\u54ea\u6015\u8dcc\u5230\u4f60\u6ca1\u4fe1\u5fc3\u4e86\uff0c\u8fd8\u5f97\u575a\u6301\uff1b\u7b2c\u4e09\u5173\u5f53\u5e02\u573a\u4ece\u4f4e\u4f30\u503c\u5f80\u9ad8\u4f30\u503c\u8d70\u7684\u65f6\u5019\u4f1a\u6709\u53cd\u590d\uff0c\u5fc5\u987b\u575a\u5b9a\u6301\u6709\uff1b\u7b2c\u56db\u5173\uff0c\u5728\u5e02\u573a\u4ece\u4f4e\u4f30\u503c\u5f80\u9ad8\u4f30\u503c\u8d70\u7684\u8fc7\u7a0b\u4e2d\u4f1a\u4e0d\u65ad\u6d8c\u73b0\u77ed\u671f\u66b4\u5bcc\u6295\u673a\u673a\u4f1a\uff0c\u4f60\u8fd8\u5f97\u575a\u5b88\uff1b\u7b2c\u4e94\u5173\u5f53\u5e02\u573a\u51fa\u73b0\u9ad8\u4f30\u503c\u5e76\u4e14\u5e02\u573a\u706b\u70ed\u90a3\u4e2a\u65f6\u5019\u5fc5\u987b\u5356\u51fa\u4f11\u606f\u65e0\u8bba\u5e02\u573a\u4e4b\u540e\u518d\u600e\u4e48\u6da8\u90fd\u4e0d\u662f\u4f60\u7684\u4e86\u3002", "donate_count": 3, "follow_me": false, "followers_count": 56471, "following": false, "fortuneUser": false, "friends_count": 173, "gender": "m", "id": 4880628941, "last_comment_id": 378346749, "last_status_id": 353620131, "photo_domain": "http://xavatar.imedao.com/", "profile": "/4880628941", "profile_image_url": "community/20231/1676181129866-1676181130163.jpg,community/20231/1676181129866-1676181130163.jpg!180x180.png,community/20231/1676181129866-1676181130163.jpg!50x50.png,community/20231/1676181129866-1676181130163.jpg!30x30.png", "province": "\u4e0a\u6d77", "screen_name": "robertochen", "st_color": "1", "status": 1, "status_count": 56793, "step": "three", "subscribeable": false, "type": "1", "user": {"ability": "\u4e09\u805a\u73af\u4fdd,\u4e2d\u5c0f\u677f,\u5eb7\u5f97\u65b0", "allow_all_stock": false, "anonymous": false, "areaCode": "86", "blocking": false, "city": "", "created_at": 1394765094073, "description": "\u4ef7\u503c\u6295\u8d44\u9700\u8981\u8fc7\u4e94\u5173\uff1a\u7b2c\u4e00\u5173\u5728\u4f4e\u4f30\u503c\u52c7\u4e8e\u4e70\u5165\u5e76\u4e14\u91cd\u4ed3\u6301\u6709\uff1b\u7b2c\u4e8c\u5173\u5f53\u5e02\u573a\u4e0d\u65ad\u4e0b\u8dcc\uff0c\u54ea\u6015\u8dcc\u5230\u4f60\u6ca1\u4fe1\u5fc3\u4e86\uff0c\u8fd8\u5f97\u575a\u6301\uff1b\u7b2c\u4e09\u5173\u5f53\u5e02\u573a\u4ece\u4f4e\u4f30\u503c\u5f80\u9ad8\u4f30\u503c\u8d70\u7684\u65f6\u5019\u4f1a\u6709\u53cd\u590d\uff0c\u5fc5\u987b\u575a\u5b9a\u6301\u6709\uff1b\u7b2c\u56db\u5173\uff0c\u5728\u5e02\u573a\u4ece\u4f4e\u4f30\u503c\u5f80\u9ad8\u4f30\u503c\u8d70\u7684\u8fc7\u7a0b\u4e2d\u4f1a\u4e0d\u65ad\u6d8c\u73b0\u77ed\u671f\u66b4\u5bcc\u6295\u673a\u673a\u4f1a\uff0c\u4f60\u8fd8\u5f97\u575a\u5b88\uff1b\u7b2c\u4e94\u5173\u5f53\u5e02\u573a\u51fa\u73b0\u9ad8\u4f30\u503c\u5e76\u4e14\u5e02\u573a\u706b\u70ed\u90a3\u4e2a\u65f6\u5019\u5fc5\u987b\u5356\u51fa\u4f11\u606f\u65e0\u8bba\u5e02\u573a\u4e4b\u540e\u518d\u600e\u4e48\u6da8\u90fd\u4e0d\u662f\u4f60\u7684\u4e86\u3002", "donate_count": 3, "donate_snowcoin": 68, "follow_me": false, "followers_count": 56471, "following": false, "friends_count": 173, "gender": "m", "id": 4880628941, "last_comment_id": 378346749, "last_status_id": 353620131, "photo_domain": "http://xavatar.imedao.com/", "profile": "/4880628941", "profile_image_url": "community/20231/1676181129866-1676181130163.jpg,community/20231/1676181129866-1676181130163.jpg!180x180.png,community/20231/1676181129866-1676181130163.jpg!50x50.png,community/20231/1676181129866-1676181130163.jpg!30x30.png", "province": "\u4e0a\u6d77", "screen_name": "robertochen", "st_color": "1", "status": 1, "status_count": 56793, "step": "three", "truncated": false, "type": "1", "verified": false, "verified_description": "", "verified_infos": [{"verified_desc": "\u7528\u6237\u5df2\u5b8c\u6210\u5b9e\u540d\u8eab\u4efd\u8ba4\u8bc1", "verified_type": "5"}], "verified_type": 0}, "verified": false, "verified_description": "", "verified_infos": [{"verified_desc": "\u7528\u6237\u5df2\u5b8c\u6210\u5b9e\u540d\u8eab\u4efd\u8ba4\u8bc1", "verified_type": "5"}], "verified_realname": false, "verified_type": 0}, "user_id": 4880628941, "view_count": 4736}, {"blocked": false, "blocking": false, "canEdit": false, "commentId": 378339544, "controversial": false, "created_at": 1758335443000, "description": "\u56de\u590d<a href=\"https://xueqiu.com/n/\u609f\u7a7a\u534a\u751f\" target=\"_blank\">@\u609f\u7a7a\u534a\u751f</a>: \u7279\u65af\u62c9\u8ba2\u5355\uff0c\u9a6c\u65af\u514b\u4e0d\u662f\u786e\u5b9a\u9020\u8c23\u5417\uff1f//<a href=\"https://xueqiu.com/n/\u609f\u7a7a\u534a\u751f\" target=\"_blank\">@\u609f\u7a7a\u534a\u751f</a>:\u56de\u590d<a href=\"https://xueqiu.com/n/\u609f\u7a7a\u534a\u751f\" target=\"_blank\">@\u609f\u7a7a\u534a\u751f</a>:\u7279\u65af\u7684\u8ba2\u5355\u4fe1\u606f", "donate_count": 0, "donate_snowcoin": 0, "editable": false, "expend": false, "fav_count": 0, "favorited": false, "flags": 1236950581248, "hot": false, "id": 353607445, "is_answer": false, "is_bonus": false, "is_refused": false, "is_reward": false, "is_ss_multi_pic": false, "legal_user_visible": false, "like_count": 0, "liked": false, "mark": 0, "pic": "", "promotion_id": 0, "reply_count": 2, "retweet_count": 0, "retweet_status_id": 353543872, "retweeted_status": {"blocked": false, "blocking": false, "canEdit": true, "commentId": 0, "controversial": false, "created_at": 1758274215000, "description": "<a href=\"https://xueqiu.com/S/SZ300007\" target=\"_blank\">$\u6c49\u5a01\u79d1\u6280(SZ300007)$</a> <br/>\u8fd9\u7968\u5927\u6982\u7387\u6ca1\u8d70\u5b8c", "donate_count": 0, "donate_snowcoin": 0, "editable": true, "expend": false, "fav_count": 0, "favorited": false, "flags": 1236950581248, "hot": false, "id": 353543872, "is_answer": false, "is_bonus": false, "is_refused": false, "is_reward": false, "is_ss_multi_pic": false, "legal_user_visible": false, "like_count": 2, "liked": false, "mark": 0, "pic": "", "promotion_id": 0, "reply_count": 9, "retweet_count": 0, "retweet_status_id": 0, "reward_count": 0, "reward_user_count": 0, "rqid": 0, "source": "\u96ea\u7403", "source_feed": false, "target": "/3863206145/353543872", "text": "<p><a href=\"https://xueqiu.com/S/SZ300007\" target=\"_blank\">$\u6c49\u5a01\u79d1\u6280(SZ300007)$</a> </p>\u8fd9\u7968\u5927\u6982\u7387\u6ca1\u8d70\u5b8c", "timeBefore": "09-19 17:30", "title": "", "trackJson": "{\"fav_count\":0,\"created_at\":1758274215000,\"reply_count\":9,\"client_name\":\"\u96ea\u7403\",\"retweet_count\":0,\"reward_count\":0}", "truncated": false, "truncated_by": 0, "type": "0", "user": {"allow_all_stock": false, "block_status": 0, "blocking": false, "city": "\u4e0d\u9650", "common_count": 0, "description": "\u6ee1\u5802\u82b1\u9189\u4e09\u5343\u5ba2\uff0c\u4e00\u5251\u971c\u5bd2\u56db\u5341\u5dde\u3002", "domain": "sousou", "donate_count": 0, "follow_me": false, "followers_count": 10623, "following": false, "fortuneUser": false, "friends_count": 107, "gender": "m", "id": 3863206145, "last_comment_id": 378351775, "last_status_id": 353618398, "photo_domain": "http://xavatar.imedao.com/", "profile": "/sousou", "profile_image_url": "community/20258/1757239792306-1757239792603.png,community/20258/1757239792306-1757239792603.png!180x180.png,community/20258/1757239792306-1757239792603.png!50x50.png,community/20258/1757239792306-1757239792603.png!30x30.png", "province": "\u6e56\u5357", "screen_name": "\u968f\u673a\u6f2b\u6b65\u7684\u80d6\u5b50\u6258\u5c3c", "st_color": "1", "status": 1, "status_count": 4664, "step": "three", "subscribeable": false, "type": "1", "user": {"allow_all_stock": false, "anonymous": false, "areaCode": "86", "blocking": false, "city": "\u4e0d\u9650", "created_at": 1386162194893, "description": "\u6ee1\u5802\u82b1\u9189\u4e09\u5343\u5ba2\uff0c\u4e00\u5251\u971c\u5bd2\u56db\u5341\u5dde\u3002", "domain": "sousou", "donate_count": 0, "donate_snowcoin": 0, "follow_me": false, "followers_count": 10623, "following": false, "friends_count": 107, "gender": "m", "id": 3863206145, "last_comment_id": 378351775, "last_status_id": 353618398, "photo_domain": "http://xavatar.imedao.com/", "profile": "/sousou", "profile_image_url": "community/20258/1757239792306-1757239792603.png,community/20258/1757239792306-1757239792603.png!180x180.png,community/20258/1757239792306-1757239792603.png!50x50.png,community/20258/1757239792306-1757239792603.png!30x30.png", "province": "\u6e56\u5357", "screen_name": "\u968f\u673a\u6f2b\u6b65\u7684\u80d6\u5b50\u6258\u5c3c", "st_color": "1", "status": 1, "status_count": 4664, "step": "three", "truncated": false, "type": "1", "verified": false, "verified_description": "", "verified_infos": [{"verified_desc": "\u7528\u6237\u5df2\u5b8c\u6210\u5b9e\u540d\u8eab\u4efd\u8ba4\u8bc1", "verified_type": "5"}], "verified_type": 0}, "verified": false, "verified_description": "", "verified_infos": [{"verified_desc": "\u7528\u6237\u5df2\u5b8c\u6210\u5b9e\u540d\u8eab\u4efd\u8ba4\u8bc1", "verified_type": "5"}], "verified_realname": false, "verified_type": 0}, "user_id": 3863206145, "view_count": 10557}, "reward_count": 0, "reward_user_count": 0, "rqid": 0, "source": "Android", "source_feed": false, "source_link": "http://xueqiu.com/about/mobile-xueqiu", "target": "/3863206145/353607445", "text": "\u56de\u590d<a href=\"https://xueqiu.com/n/\u609f\u7a7a\u534a\u751f\" target=\"_blank\">@\u609f\u7a7a\u534a\u751f</a>: \u7279\u65af\u62c9\u8ba2\u5355\uff0c\u9a6c\u65af\u514b\u4e0d\u662f\u786e\u5b9a\u9020\u8c23\u5417\uff1f//<a href=\"https://xueqiu.com/n/\u609f\u7a7a\u534a\u751f\" target=\"_blank\">@\u609f\u7a7a\u534a\u751f</a>:\u56de\u590d<a href=\"https://xueqiu.com/n/\u609f\u7a7a\u534a\u751f\" target=\"_blank\">@\u609f\u7a7a\u534a\u751f</a>:\u7279\u65af\u7684\u8ba2\u5355\u4fe1\u606f", "timeBefore": "\u4eca\u5929 10:30", "title": "", "trackJson": "{\"fav_count\":0,\"created_at\":1758335443000,\"reply_count\":2,\"client_name\":\"Android\",\"retweet_count\":0,\"reward_count\":0}", "truncated": false, "truncated_by": 0, "type": "", "user": {"allow_all_stock": false, "block_status": 0, "blocking": false, "city": "\u4e0d\u9650", "common_count": 0, "description": "\u6ee1\u5802\u82b1\u9189\u4e09\u5343\u5ba2\uff0c\u4e00\u5251\u971c\u5bd2\u56db\u5341\u5dde\u3002", "domain": "sousou", "donate_count": 0, "follow_me": false, "followers_count": 10623, "following": false, "fortuneUser": false, "friends_count": 107, "gender": "m", "id": 3863206145, "last_comment_id": 378351775, "last_status_id": 353618398, "photo_domain": "http://xavatar.imedao.com/", "profile": "/sousou", "profile_image_url": "community/20258/1757239792306-1757239792603.png,community/20258/1757239792306-1757239792603.png!180x180.png,community/20258/1757239792306-1757239792603.png!50x50.png,community/20258/1757239792306-1757239792603.png!30x30.png", "province": "\u6e56\u5357", "screen_name": "\u968f\u673a\u6f2b\u6b65\u7684\u80d6\u5b50\u6258\u5c3c", "st_color": "1", "status": 1, "status_count": 4664, "step": "three", "subscribeable": false, "type": "1", "user": {"allow_all_stock": false, "anonymous": false, "areaCode": "86", "blocking": false, "city": "\u4e0d\u9650", "created_at": 1386162194893, "description": "\u6ee1\u5802\u82b1\u9189\u4e09\u5343\u5ba2\uff0c\u4e00\u5251\u971c\u5bd2\u56db\u5341\u5dde\u3002", "domain": "sousou", "donate_count": 0, "donate_snowcoin": 0, "follow_me": false, "followers_count": 10623, "following": false, "friends_count": 107, "gender": "m", "id": 3863206145, "last_comment_id": 378351775, "last_status_id": 353618398, "photo_domain": "http://xavatar.imedao.com/", "profile": "/sousou", "profile_image_url": "community/20258/1757239792306-1757239792603.png,community/20258/1757239792306-1757239792603.png!180x180.png,community/20258/1757239792306-1757239792603.png!50x50.png,community/20258/1757239792306-1757239792603.png!30x30.png", "province": "\u6e56\u5357", "screen_name": "\u968f\u673a\u6f2b\u6b65\u7684\u80d6\u5b50\u6258\u5c3c", "st_color": "1", "status": 1, "status_count": 4664, "step": "three", "truncated": false, "type": "1", "verified": false, "verified_description": "", "verified_infos": [{"verified_desc": "\u7528\u6237\u5df2\u5b8c\u6210\u5b9e\u540d\u8eab\u4efd\u8ba4\u8bc1", "verified_type": "5"}], "verified_type": 0}, "verified": false, "verified_description": "", "verified_infos": [{"verified_desc": "\u7528\u6237\u5df2\u5b8c\u6210\u5b9e\u540d\u8eab\u4efd\u8ba4\u8bc1", "verified_type": "5"}], "verified_realname": false, "verified_type": 0}, "user_id": 3863206145, "view_count": 2543}, {"blocked": false, "blocking": false, "canEdit": true, "commentId": 0, "controversial": false, "created_at": 1758335256000, "description": "<a href=\"https://xueqiu.com/S/TSLA\" target=\"_blank\">$\u7279\u65af\u62c9(TSLA)$</a> \u4ee5\u524d\u7092\u9502\u7535\u76ef\u7740\u7279\u65af\u62c9\uff0c\u73b0\u5728\u6362\u6210\u7092\u673a\u5668\u4eba\u6bcf\u5929\u76ef\u7740\u7279\u65af\u62c9\u3002", "donate_count": 0, "donate_snowcoin": 0, "editable": true, "expend": false, "fav_count": 0, "favorited": false, "flags": 36030033969545216, "hot": false, "id": 353607196, "is_answer": false, "is_bonus": false, "is_refused": false, "is_reward": false, "is_ss_multi_pic": false, "legal_user_visible": false, "like_count": 7, "liked": false, "mark": 0, "pic": "", "promotion_id": 0, "reply_count": 14, "retweet_count": 0, "retweet_status_id": 0, "reward_count": 0, "reward_user_count": 0, "rqid": 0, "source": "Android", "source_feed": false, "source_link": "http://xueqiu.com/about/mobile-xueqiu", "target": "/8120706763/353607196", "text": "<a href=\"https://xueqiu.com/S/TSLA\" target=\"_blank\">$\u7279\u65af\u62c9(TSLA)$</a> \u4ee5\u524d\u7092\u9502\u7535\u76ef\u7740\u7279\u65af\u62c9\uff0c\u73b0\u5728\u6362\u6210\u7092\u673a\u5668\u4eba\u6bcf\u5929\u76ef\u7740\u7279\u65af\u62c9\u3002", "timeBefore": "\u4eca\u5929 10:27", "title": "", "trackJson": "{\"fav_count\":0,\"created_at\":1758335256000,\"reply_count\":14,\"client_name\":\"Android\",\"retweet_count\":0,\"reward_count\":0}", "truncated": false, "truncated_by": 0, "type": "0", "user": {"allow_all_stock": false, "block_status": 0, "blocking": false, "city": "\u672a\u77e5", "common_count": 0, "description": "", "donate_count": 0, "follow_me": false, "followers_count": 9261, "following": false, "fortuneUser": false, "friends_count": 7, "gender": "n", "id": 8120706763, "last_comment_id": 378350646, "last_status_id": 353607196, "photo_domain": "http://xavatar.imedao.com/", "profile": "/8120706763", "profile_image_url": "community/20215/1624684609196-1624684609733.jpeg,community/20215/1624684609196-1624684609733.jpeg!180x180.png,community/20215/1624684609196-1624684609733.jpeg!50x50.png,community/20215/1624684609196-1624684609733.jpeg!30x30.png", "province": "\u4e0d\u9650", "screen_name": "\u5173\u5b50\u9f99", "st_color": "1", "status": 2, "status_count": 10016, "step": "null", "subscribeable": false, "type": "1", "user": {"allow_all_stock": false, "anonymous": false, "areaCode": "86", "blocking": false, "city": "\u672a\u77e5", "created_at": 1594510397887, "description": "", "donate_count": 0, "donate_snowcoin": 0, "follow_me": false, "followers_count": 9261, "following": false, "friends_count": 7, "gender": "n", "id": 8120706763, "last_comment_id": 378350646, "last_status_id": 353607196, "photo_domain": "http://xavatar.imedao.com/", "profile": "/8120706763", "profile_image_url": "community/20215/1624684609196-1624684609733.jpeg,community/20215/1624684609196-1624684609733.jpeg!180x180.png,community/20215/1624684609196-1624684609733.jpeg!50x50.png,community/20215/1624684609196-1624684609733.jpeg!30x30.png", "province": "\u4e0d\u9650", "screen_name": "\u5173\u5b50\u9f99", "st_color": "1", "status": 2, "status_count": 10016, "step": "null", "truncated": false, "type": "1", "verified": false, "verified_description": "", "verified_infos": [{"verified_desc": "\u7528\u6237\u5df2\u5b8c\u6210\u5b9e\u540d\u8eab\u4efd\u8ba4\u8bc1", "verified_type": "5"}], "verified_type": 0}, "verified": false, "verified_description": "", "verified_infos": [{"verified_desc": "\u7528\u6237\u5df2\u5b8c\u6210\u5b9e\u540d\u8eab\u4efd\u8ba4\u8bc1", "verified_type": "5"}], "verified_realname": false, "verified_type": 0}, "user_id": 8120706763, "view_count": 4447}, {"blocked": false, "blocking": false, "canEdit": true, "commentId": 0, "controversial": false, "created_at": 1758339595000, "description": "<a href=\"https://xueqiu.com/S/TSLA\" target=\"_blank\">$\u7279\u65af\u62c9(TSLA)$</a><br/>\u4e0a\u6b21\u56fd\u5185\u65b0\u80fd\u6e90\u9769\u547d\u662f\u9760\u7279\u65af\u62c9\u5e26\u8def\uff0c\u8fd9\u6b21\u673a\u5668\u4eba\u9769\u547d\u96be\u9053\u53c8\u9760\u7279\u65af\u62c9\uff1f\u4e24\u4e2a\u5927\u4ea7\u4e1a\u7684\u5d1b\u8d77\u90fd\u8981\u9760\u9a6c\u65af\u514b\uff0c\u8001\u9a6c\u662f\u771f\u7684\u4e2d\u56fd\u79d1\u6280\u9886\u8def\u4eba\u4e86<img src=\"https://assets.imedao.com/ugc/images/face/emoji_61_xieyan.png?v=1\" title=\"[\u659c\u773c]\" alt=\"[\u659c\u773c]\" height=\"24\" />", "donate_count": 0, "donate_snowcoin": 0, "editable": true, "expend": false, "fav_count": 0, "favorited": false, "flags": 36030033969545217, "hot": false, "id": 353612888, "is_answer": false, "is_bonus": false, "is_refused": false, "is_reward": true, "is_ss_multi_pic": false, "legal_user_visible": false, "like_count": 2, "liked": false, "mark": 0, "pic": "", "promotion_id": 0, "reply_count": 1, "retweet_count": 0, "retweet_status_id": 0, "reward_count": 0, "reward_user_count": 0, "rqid": 0, "source": "iPhone", "source_feed": false, "source_link": "http://xueqiu.com/about/mobile-xueqiu", "target": "/3970497179/353612888", "text": "<a href=\"https://xueqiu.com/S/TSLA\" target=\"_blank\">$\u7279\u65af\u62c9(TSLA)$</a><br/>\u4e0a\u6b21\u56fd\u5185\u65b0\u80fd\u6e90\u9769\u547d\u662f\u9760\u7279\u65af\u62c9\u5e26\u8def\uff0c\u8fd9\u6b21\u673a\u5668\u4eba\u9769\u547d\u96be\u9053\u53c8\u9760\u7279\u65af\u62c9\uff1f\u4e24\u4e2a\u5927\u4ea7\u4e1a\u7684\u5d1b\u8d77\u90fd\u8981\u9760\u9a6c\u65af\u514b\uff0c\u8001\u9a6c\u662f\u771f\u7684\u4e2d\u56fd\u79d1\u6280\u9886\u8def\u4eba\u4e86<img src=\"https://assets.imedao.com/ugc/images/face/emoji_61_xieyan.png?v=1\" title=\"[\u659c\u773c]\" alt=\"[\u659c\u773c]\" height=\"24\" />", "timeBefore": "\u4eca\u5929 11:39", "title": "", "trackJson": "{\"fav_count\":0,\"created_at\":1758339595000,\"reply_count\":1,\"client_name\":\"iPhone\",\"retweet_count\":0,\"reward_count\":0}", "truncated": false, "truncated_by": 0, "type": "0", "user": {"allow_all_stock": false, "block_status": 0, "blocking": false, "city": "", "common_count": 0, "description": "a\u80a1\u771f\u662f\u4e2a\u4fee\u7f57\u573a", "donate_count": 0, "follow_me": false, "followers_count": 962, "following": false, "fortuneUser": false, "friends_count": 49, "gender": "m", "id": 3970497179, "last_comment_id": 378347747, "last_status_id": 353612888, "photo_domain": "http://xavatar.imedao.com/", "profile": "/3970497179", "profile_image_url": "community/202010/1606325309399-1606325309613.jpg,community/202010/1606325309399-1606325309613.jpg!180x180.png,community/202010/1606325309399-1606325309613.jpg!50x50.png,community/202010/1606325309399-1606325309613.jpg!30x30.png", "province": "", "screen_name": "\u90b5\u5e8403", "st_color": "1", "status": 2, "status_count": 650, "step": "null", "subscribeable": false, "type": "1", "user": {"allow_all_stock": false, "anonymous": false, "areaCode": "86", "blocking": false, "city": "", "created_at": 1551092270161, "description": "a\u80a1\u771f\u662f\u4e2a\u4fee\u7f57\u573a", "donate_count": 0, "donate_snowcoin": 0, "follow_me": false, "followers_count": 962, "following": false, "friends_count": 49, "gender": "m", "id": 3970497179, "last_comment_id": 378347747, "last_status_id": 353612888, "photo_domain": "http://xavatar.imedao.com/", "profile": "/3970497179", "profile_image_url": "community/202010/1606325309399-1606325309613.jpg,community/202010/1606325309399-1606325309613.jpg!180x180.png,community/202010/1606325309399-1606325309613.jpg!50x50.png,community/202010/1606325309399-1606325309613.jpg!30x30.png", "province": "", "screen_name": "\u90b5\u5e8403", "st_color": "1", "status": 2, "status_count": 650, "step": "null", "truncated": false, "type": "1", "verified": false, "verified_description": "", "verified_type": 0}, "verified": false, "verified_description": "", "verified_realname": false, "verified_type": 0}, "user_id": 3970497179, "view_count": 1818}, {"blocked": false, "blocking": false, "canEdit": true, "commentId": 0, "controversial": false, "created_at": 1758335152000, "description": "\u5728\u667a\u80fd\u65f6\u4ee3\uff0c\u8c6a\u5a01\u96c6\u56e2\u9762\u4e34\u7684\u91cd\u5927\u5386\u53f2\u673a\u9047\u4e3b\u8981\u4f53\u73b0\u5728\u4ee5\u4e0b\u51e0\u4e2a\u9886\u57df\uff0c\u8fd9\u4e9b\u9886\u57df\u5747\u4f9d\u6258\u5176\u6838\u5fc3\u7684\u56fe\u50cf\u4f20\u611f\u5668\u6280\u672f\uff0c\u5728\u667a\u80fd\u5316\u6d6a\u6f6e\u4e2d\u5f62\u6210\u4e86\u5e7f\u9614\u7684\u589e\u957f\u7a7a\u95f4\uff1a<br/>1. \u667a\u80fd\u9a7e\u9a76\uff08\u81ea\u52a8\u9a7e\u9a76\uff09\u9886\u57df<br/>\u7eaf\u89c6\u89c9\u81ea\u52a8\u9a7e\u9a76\u65b9\u6848\u7684\u666e\u53ca\uff08\u5982\u7279\u65af\u62c9FSD\uff09\uff0c\u5bf9\u9ad8\u6027\u80fd\u8f66\u8f7d\u56fe\u50cf\u4f20\u611f\u5668\u9700\u6c42\u6fc0\u589e\u3002\u8c6a\u5a01\u7684\u56fe\u50cf\u4f20\u611f\u5668\u53ef\u7528\u4e8e\u524d\u89c6\u3001\u73af...", "donate_count": 0, "donate_snowcoin": 0, "editable": true, "edited_at": 1758335230000, "excellent_comments": [{"blocked": false, "blocking": false, "canEdit": true, "censored": false, "client": "WiCimxpj5H", "createdAt": 1758336422000, "description": "AI\u773c\u955c\u5927\u5356\u4e5f\u5c06\u62c9\u52a8\u56fe\u50cf\u4f20\u611f\u5668\u9700\u6c42\u3002<a href=\"https://xueqiu.com/S/SH603501\" target=\"_blank\">$\u8c6a\u5a01\u96c6\u56e2(SH603501)$</a>", "donate_count": 0, "donate_snowcoin": 0, "donate_user_count": 0, "id": 378341011, "inReplyToCommentId": 0, "indexText": "AI\u773c\u955c\u5927\u5356\u4e5f\u5c06\u62c9\u52a8\u56fe\u50cf\u4f20\u611f\u5668\u9700\u6c42\u3002 $\u8c6a\u5a01\u96c6\u56e2(SH603501)$ ", "likeCount": 2, "originalText": "AI\u773c\u955c\u5927\u5356\u4e5f\u5c06\u62c9\u52a8\u56fe\u50cf\u4f20\u611f\u5668\u9700\u6c42\u3002<a href=\"https://xueqiu.com/S/SH603501\" target=\"_blank\">$\u8c6a\u5a01\u96c6\u56e2(SH603501)$</a>", "pic": "", "picSizes": [], "reply_remark": "", "reply_screenName": "", "reply_verified": false, "reply_verified_description": "", "rootInReplyToStatusId": 353607054, "source": "\u80a1\u7968\u5fae\u535a", "source_view": "\u96ea\u7403", "statusId": 353608767, "text": "AI\u773c\u955c\u5927\u5356\u4e5f\u5c06\u62c9\u52a8\u56fe\u50cf\u4f20\u611f\u5668\u9700\u6c42\u3002<a href=\"https://xueqiu.com/S/SH603501\" target=\"_blank\">$\u8c6a\u5a01\u96c6\u56e2(SH603501)$</a>", "time_before": "\u4eca\u5929 10:47", "truncated": false, "truncatedBy": 0, "user": {"allow_all_stock": false, "block_status": 0, "blocking": false, "city": "\u57ce\u5e02/\u5730\u533a", "common_count": 0, "description": "", "donate_count": 0, "follow_me": false, "followers_count": 12413, "following": false, "fortuneUser": false, "friends_count": 326, "gender": "n", "id": 7659667127, "last_comment_id": 378341011, "last_status_id": 353612754, "photo_domain": "http://xavatar.imedao.com/", "profile": "/7659667127", "profile_image_url": "community/20253/1744429798484-1744429798688.png,community/20253/1744429798484-1744429798688.png!180x180.png,community/20253/1744429798484-1744429798688.png!50x50.png,community/20253/1744429798484-1744429798688.png!30x30.png", "province": "\u7701/\u76f4\u8f96\u5e02", "screen_name": "\u80fd\u6e90\u7684\u9769\u547d", "st_color": "1", "status": 2, "status_count": 11861, "step": "three", "subscribeable": false, "type": "1", "user": {"allow_all_stock": false, "anonymous": false, "areaCode": "86", "blocking": false, "city": "\u57ce\u5e02/\u5730\u533a", "created_at": 1419691588668, "description": "", "donate_count": 0, "donate_snowcoin": 0, "follow_me": false, "followers_count": 12413, "following": false, "friends_count": 326, "gender": "n", "id": 7659667127, "last_comment_id": 378341011, "last_status_id": 353612754, "photo_domain": "http://xavatar.imedao.com/", "profile": "/7659667127", "profile_image_url": "community/20253/1744429798484-1744429798688.png,community/20253/1744429798484-1744429798688.png!180x180.png,community/20253/1744429798484-1744429798688.png!50x50.png,community/20253/1744429798484-1744429798688.png!30x30.png", "province": "\u7701/\u76f4\u8f96\u5e02", "screen_name": "\u80fd\u6e90\u7684\u9769\u547d", "st_color": "1", "status": 2, "status_count": 11861, "step": "three", "truncated": false, "type": "1", "verified": false, "verified_description": "", "verified_type": 0}, "verified": false, "verified_description": "", "verified_realname": false, "verified_type": 0}, "userId": 7659667127}], "expend": true, "fav_count": 2, "favorited": false, "firstImg": "https://xqimg.imedao.com/19964eeb1ecb7363feb765be.jpg!thumb.jpg", "flags": 36030068329284608, "hot": false, "id": 353607054, "is_answer": false, "is_bonus": false, "is_refused": false, "is_reward": false, "is_ss_multi_pic": false, "legal_user_visible": false, "like_count": 7, "liked": false, "mark": 5, "pic": "https://xqimg.imedao.com/19964eeb1ecb7363feb765be.jpg!thumb.jpg,https://xqimg.imedao.com/19964ea112ebb6d3fef68e1f.jpg!thumb.jpg,https://xqimg.imedao.com/19964e531c3b5943fd7093bd.jpg!thumb.jpg,https://xqimg.imedao.com/19964e57580b5953fe945b2a.jpg!thumb.jpg,https://xqimg.imedao.com/19964e6a7cfb5173fd64211c.jpg!thumb.jpg,https://xqimg.imedao.com/19964efdd03bb8c3fe272003.jpg!thumb.jpg,https://xqimg.imedao.com/19964f01413b6c93fe369556.jpg!thumb.jpg,https://xqimg.imedao.com/19964f05563b63a3fb699f7d.jpg!thumb.jpg,https://xqimg.imedao.com/19964f0e30cb6cc3fe78e66c.jpg!thumb.jpg", "pic_sizes": [{"height": 1245, "ratio": "0.69", "score": 0, "setHeight": true, "setRatio": true, "setScore": true, "setWidth": true, "width": 861}, {"height": 1400, "ratio": "0.63", "score": 0, "setHeight": true, "setRatio": true, "setScore": true, "setWidth": true, "width": 879}, {"height": 622, "ratio": "1.81", "score": 0, "setHeight": true, "setRatio": true, "setScore": true, "setWidth": true, "width": 1125}, {"height": 686, "ratio": "1.10", "score": 0, "setHeight": true, "setRatio": true, "setScore": true, "setWidth": true, "width": 757}, {"height": 1712, "ratio": "0.66", "score": 0, "setHeight": true, "setRatio": true, "setScore": true, "setWidth": true, "width": 1125}, {"height": 1091, "ratio": "0.79", "score": 0, "setHeight": true, "setRatio": true, "setScore": true, "setWidth": true, "width": 861}, {"height": 1650, "ratio": "0.68", "score": 0, "setHeight": true, "setRatio": true, "setScore": true, "setWidth": true, "width": 1125}, {"height": 1628, "ratio": "0.69", "score": 0, "setHeight": true, "setRatio": true, "setScore": true, "setWidth": true, "width": 1125}, {"height": 1285, "ratio": "0.67", "score": 0, "setHeight": true, "setRatio": true, "setScore": true, "setWidth": true, "width": 861}], "promotion_id": 0, "reply_count": 1, "retweet_count": 0, "retweet_status_id": 0, "reward_count": 0, "reward_user_count": 0, "rqid": 0, "source": "iPhone", "source_feed": false, "source_link": "http://xueqiu.com/about/mobile-xueqiu", "target": "/7659667127/353607054", "text": "<p>\u5728\u667a\u80fd\u65f6\u4ee3\uff0c\u8c6a\u5a01\u96c6\u56e2\u9762\u4e34\u7684\u91cd\u5927\u5386\u53f2\u673a\u9047\u4e3b\u8981\u4f53\u73b0\u5728\u4ee5\u4e0b\u51e0\u4e2a\u9886\u57df\uff0c\u8fd9\u4e9b\u9886\u57df\u5747\u4f9d\u6258\u5176\u6838\u5fc3\u7684\u56fe\u50cf\u4f20\u611f\u5668\u6280\u672f\uff0c\u5728\u667a\u80fd\u5316\u6d6a\u6f6e\u4e2d\u5f62\u6210\u4e86\u5e7f\u9614\u7684\u589e\u957f\u7a7a\u95f4\uff1a<br/>1. \u667a\u80fd\u9a7e\u9a76\uff08\u81ea\u52a8\u9a7e\u9a76\uff09\u9886\u57df<br/>\u7eaf\u89c6\u89c9\u81ea\u52a8\u9a7e\u9a76\u65b9\u6848\u7684\u666e\u53ca\uff08\u5982\u7279\u65af\u62c9FSD\uff09\uff0c\u5bf9\u9ad8\u6027\u80fd\u8f66\u8f7d\u56fe\u50cf\u4f20\u611f\u5668\u9700\u6c42\u6fc0\u589e\u3002\u8c6a\u5a01\u7684\u56fe\u50cf\u4f20\u611f\u5668\u53ef\u7528\u4e8e\u524d\u89c6\u3001\u73af\u89c6\u3001\u8231\u5185\u76d1\u63a7\u7b49\u8f66\u8f7d\u6444\u50cf\u5934\uff0c\u76f4\u63a5\u53d7\u76ca\u4e8e\u667a\u80fd\u9a7e\u9a76\u8f66\u578b\u7684\u6e17\u900f\u7387\u63d0\u5347\u3002\u968f\u7740L2+\u53ca\u66f4\u9ad8\u9636\u81ea\u52a8\u9a7e\u9a76\u7684\u666e\u53ca\uff0c\u6bcf\u8f86\u8f66\u642d\u8f7d\u7684\u6444\u50cf\u5934\u6570\u91cf\uff085 - 10\u4e2a\u751a\u81f3\u66f4\u591a\uff09\u548c\u4f20\u611f\u5668\u6027\u80fd\u8981\u6c42\u4e0d\u65ad\u63d0\u9ad8\uff0c\u8c6a\u5a01\u5728\u9ad8\u52a8\u6001\u8303\u56f4\uff08HDR\uff09\u3001\u4f4e\u5149\u6210\u50cf\u7b49\u6280\u672f\u4e0a\u7684\u4f18\u52bf\uff0c\u4f7f\u5176\u80fd\u5728\u8f66\u8f7d\u4f20\u611f\u5668\u5e02\u573a\u5360\u636e\u91cd\u8981\u4efd\u989d\u3002</p><figure class=\"xq-figure\"><img class=\"ke_img\" src=\"https://xqimg.imedao.com/19964eeb1ecb7363feb765be.jpg!custom.jpg\" ></figure><p><br/>2. \u5177\u8eab\u667a\u80fd\u4e0e\u673a\u5668\u4eba\u9886\u57df<br/>\u5982\u7279\u65af\u62c9Optimus\u673a\u5668\u4eba\u8f6c\u5411\u7eaf\u89c6\u89c9AI\u8bad\u7ec3\uff0c\u673a\u5668\u4eba\u5bf9\u89c6\u89c9\u611f\u77e5\u7684\u9700\u6c42\uff08\u73af\u5883\u8bc6\u522b\u3001\u52a8\u4f5c\u6355\u6349\u7b49\uff09\u5c06\u5e26\u52a8\u9ad8\u5206\u8fa8\u7387\u3001\u4f4e\u529f\u8017\u7684\u56fe\u50cf\u4f20\u611f\u5668\u9700\u6c42\u3002\u8c6a\u5a01\u7684\u4f20\u611f\u5668\u53ef\u7528\u4e8e\u673a\u5668\u4eba\u7684\u201c\u773c\u775b\u201d\uff0c\u5e2e\u52a9\u5176\u5b9e\u73b0\u7cbe\u51c6\u7684\u89c6\u89c9\u5b9a\u4f4d\u3001\u7269\u4f53\u8bc6\u522b\u548c\u52a8\u4f5c\u89c4\u5212\uff0c\u5728\u670d\u52a1\u673a\u5668\u4eba\u3001\u5de5\u4e1a\u673a\u5668\u4eba\u7684\u89c6\u89c9\u6a21\u5757\u4f9b\u5e94\u94fe\u4e2d\u62a2\u5360\u5148\u673a\u3002</p><figure class=\"xq-figure\"><img class=\"ke_img\" src=\"https://xqimg.imedao.com/19964ea112ebb6d3fef68e1f.jpg!custom.jpg\" ></figure><p><br/>3. \u6d88\u8d39\u7535\u5b50\u667a\u80fd\u5316\u9886\u57df<br/>\u667a\u80fd\u624b\u673a\u3001\u667a\u80fd\u624b\u8868\u3001AR/VR\u8bbe\u5907\u7b49\u6d88\u8d39\u7535\u5b50\u6301\u7eed\u5411\u201c\u89c6\u89c9\u667a\u80fd\u5316\u201d\u5347\u7ea7\uff0c\u5bf9\u56fe\u50cf\u4f20\u611f\u5668\u7684\u50cf\u7d20\u3001\u529f\u8017\u3001\u4f53\u79ef\u7b49\u8981\u6c42\u65e5\u76ca\u63d0\u5347\u3002\u8c6a\u5a01\u5728\u6d88\u8d39\u7535\u5b50\u56fe\u50cf\u4f20\u611f\u5668\u5e02\u573a\u7684\u6280\u672f\u79ef\u7d2f\uff0c\u53ef\u52a9\u529b\u5176\u5728\u9ad8\u50cf\u7d20\u624b\u673a\u6444\u50cf\u5934\u3001AR/VR\u89c6\u89c9\u4ea4\u4e92\u6a21\u5757\u7b49\u9886\u57df\u6301\u7eed\u53d1\u529b\uff0c\u53d7\u76ca\u4e8e\u6d88\u8d39\u7535\u5b50\u667a\u80fd\u5316\u7684\u6362\u673a\u6f6e\u548c\u65b0\u54c1\u8fed\u4ee3\u3002<br/>4. \u5b89\u9632\u4e0e\u5de5\u4e1a\u89c6\u89c9\u9886\u57df<br/>\u5b89\u9632\u9886\u57df\u7684\u667a\u80fd\u76d1\u63a7\uff08\u5982\u4eba\u8138\u8bc6\u522b\u3001\u884c\u4e3a\u5206\u6790\uff09\u3001\u5de5\u4e1a\u89c6\u89c9\uff08\u5982\u4ea7\u7ebf\u68c0\u6d4b\u3001\u673a\u5668\u4eba\u89c6\u89c9\u5f15\u5bfc\uff09\u5bf9\u9ad8\u7cbe\u5ea6\u56fe\u50cf\u4f20\u611f\u5668\u4f9d\u8d56\u5ea6\u9ad8\u3002\u8c6a\u5a01\u7684\u4f20\u611f\u5668\u53ef\u7528\u4e8e\u5b89\u9632\u6444\u50cf\u5934\u3001\u5de5\u4e1a\u76f8\u673a\u7b49\u8bbe\u5907\uff0c\u968f\u7740\u5b89\u9632\u667a\u80fd\u5316\u548c\u5de5\u4e1a\u81ea\u52a8\u5316\u7684\u63a8\u8fdb\uff0c\u8fd9\u4e24\u4e2a\u9886\u57df\u7684\u5e02\u573a\u89c4\u6a21\u5c06\u6301\u7eed\u6269\u5927\uff0c\u4e3a\u8c6a\u5a01\u63d0\u4f9b\u7a33\u5b9a\u7684\u589e\u957f\u52a8\u529b\u3002<br/>5. \u65b0\u5174\u667a\u80fd\u786c\u4ef6\u9886\u57df<br/>\u667a\u80fd\u5bb6\u5c45\uff08\u5982\u667a\u80fd\u95e8\u9501\u7684\u89c6\u89c9\u8bc6\u522b\u3001\u667a\u80fd\u6444\u50cf\u5934\uff09\u3001\u667a\u80fd\u533b\u7597\u8bbe\u5907\uff08\u5982\u4fbf\u643a\u5f0f\u5f71\u50cf\u8bca\u65ad\u8bbe\u5907\uff09\u7b49\u65b0\u5174\u667a\u80fd\u786c\u4ef6\u7684\u5d1b\u8d77\uff0c\u4e5f\u4e3a\u56fe\u50cf\u4f20\u611f\u5668\u521b\u9020\u4e86\u65b0\u7684\u5e94\u7528\u573a\u666f\u3002\u8c6a\u5a01\u53ef\u51ed\u501f\u6280\u672f\u4f18\u52bf\uff0c\u5feb\u901f\u5207\u5165\u8fd9\u4e9b\u65b0\u5174\u5e02\u573a\uff0c\u62d3\u5c55\u4e1a\u52a1\u8fb9\u754c\u3002<br/>\u7efc\u4e0a\uff0c\u8c6a\u5a01\u96c6\u56e2\u7684\u6838\u5fc3\u673a\u9047\u5728\u4e8e\u4ee5\u56fe\u50cf\u4f20\u611f\u5668\u4e3a\u6838\u5fc3\uff0c\u6df1\u5ea6\u7ed1\u5b9a\u667a\u80fd\u9a7e\u9a76\u3001\u673a\u5668\u4eba\u3001\u6d88\u8d39\u7535\u5b50\u3001\u5b89\u9632\u5de5\u4e1a\u7b49\u667a\u80fd\u5316\u8d5b\u9053\u7684\u89c6\u89c9\u9700\u6c42\u589e\u957f\uff0c\u901a\u8fc7\u6280\u672f\u8fed\u4ee3\u548c\u573a\u666f\u62d3\u5c55\uff0c\u5728\u667a\u80fd\u65f6\u4ee3\u7684\u89c6\u89c9\u611f\u77e5\u9886\u57df\u5360\u636e\u6838\u5fc3\u5730\u4f4d\uff0c\u5b9e\u73b0\u5e02\u573a\u4efd\u989d\u548c\u8425\u6536\u7684\u6301\u7eed\u589e\u957f\u3002</p><figure class=\"xq-figure\"><img class=\"ke_img\" src=\"https://xqimg.imedao.com/19964e531c3b5943fd7093bd.jpg!custom.jpg\" ></figure><figure class=\"xq-figure\"><img class=\"ke_img\" src=\"https://xqimg.imedao.com/19964e57580b5953fe945b2a.jpg!custom.jpg\" ></figure><figure class=\"xq-figure\"><img class=\"ke_img\" src=\"https://xqimg.imedao.com/19964e6a7cfb5173fd64211c.jpg!custom.jpg\" ></figure><figure class=\"xq-figure\"><img class=\"ke_img\" src=\"https://xqimg.imedao.com/19964efdd03bb8c3fe272003.jpg!custom.jpg\" ></figure><figure class=\"xq-figure\"><img class=\"ke_img\" src=\"https://xqimg.imedao.com/19964f01413b6c93fe369556.jpg!custom.jpg\" ></figure><figure class=\"xq-figure\"><img class=\"ke_img\" src=\"https://xqimg.imedao.com/19964f05563b63a3fb699f7d.jpg!custom.jpg\" ></figure><figure class=\"xq-figure\"><img class=\"ke_img\" src=\"https://xqimg.imedao.com/19964f0e30cb6cc3fe78e66c.jpg!custom.jpg\" ></figure><p><a href=\"https://xueqiu.com/S/SH601127\" target=\"_blank\">$\u8d5b\u529b\u65af(SH601127)$</a> <a href=\"https://xueqiu.com/S/SH603501\" target=\"_blank\">$\u8c6a\u5a01\u96c6\u56e2(SH603501)$</a> <a href=\"https://xueqiu.com/S/TSLA\" target=\"_blank\">$\u7279\u65af\u62c9(TSLA)$</a> </p>", "timeBefore": "\u4eca\u5929 10:25", "title": "\u89c1\u5fae\u77e5\u8457\uff1a\u8c6a\u5a01\u4ee5\u89c6\u89c9\u4f20\u611f\u4e4b\u201c\u5fae\u201d\uff0c\u64ac\u52a8\u667a\u80fd\u65f6\u4ee3\u4e4b\u201c\u8457\u201d", "trackJson": "{\"fav_count\":2,\"created_at\":1758335152000,\"reply_count\":1,\"client_name\":\"iPhone\",\"retweet_count\":0,\"reward_count\":0}", "truncated": false, "truncated_by": 0, "type": "3", "user": {"allow_all_stock": false, "block_status": 0, "blocking": false, "city": "\u57ce\u5e02/\u5730\u533a", "common_count": 0, "description": "", "donate_count": 0, "follow_me": false, "followers_count": 12413, "following": false, "fortuneUser": false, "friends_count": 326, "gender": "n", "id": 7659667127, "last_comment_id": 378341011, "last_status_id": 353612754, "photo_domain": "http://xavatar.imedao.com/", "profile": "/7659667127", "profile_image_url": "community/20253/1744429798484-1744429798688.png,community/20253/1744429798484-1744429798688.png!180x180.png,community/20253/1744429798484-1744429798688.png!50x50.png,community/20253/1744429798484-1744429798688.png!30x30.png", "province": "\u7701/\u76f4\u8f96\u5e02", "screen_name": "\u80fd\u6e90\u7684\u9769\u547d", "st_color": "1", "status": 2, "status_count": 11861, "step": "three", "subscribeable": false, "type": "1", "user": {"allow_all_stock": false, "anonymous": false, "areaCode": "86", "blocking": false, "city": "\u57ce\u5e02/\u5730\u533a", "created_at": 1419691588668, "description": "", "donate_count": 0, "donate_snowcoin": 0, "follow_me": false, "followers_count": 12413, "following": false, "friends_count": 326, "gender": "n", "id": 7659667127, "last_comment_id": 378341011, "last_status_id": 353612754, "photo_domain": "http://xavatar.imedao.com/", "profile": "/7659667127", "profile_image_url": "community/20253/1744429798484-1744429798688.png,community/20253/1744429798484-1744429798688.png!180x180.png,community/20253/1744429798484-1744429798688.png!50x50.png,community/20253/1744429798484-1744429798688.png!30x30.png", "province": "\u7701/\u76f4\u8f96\u5e02", "screen_name": "\u80fd\u6e90\u7684\u9769\u547d", "st_color": "1", "status": 2, "status_count": 11861, "step": "three", "truncated": false, "type": "1", "verified": false, "verified_description": "", "verified_type": 0}, "verified": false, "verified_description": "", "verified_realname": false, "verified_type": 0}, "user_id": 7659667127, "view_count": 6130}], "maxPage": 100, "page": 3, "q": "TSLA", "query_id": 1969286584234815488, "recommend_cards": []}