{"about": "TSLA", "count": 1000, "key": "TSLA", "list": [{"blocked": false, "blocking": false, "canEdit": false, "commentId": 378349834, "controversial": false, "created_at": 1758342915000, "description": "\u56de\u590d<a href=\"https://xueqiu.com/n/\u6885\u897f\u5e26\u7403\" target=\"_blank\">@\u6885\u897f\u5e26\u7403</a>: \u8fd92\u5bb6\u516c\u53f8\u516c\u544a\u4e2d\u90fd\u672a\u80fd\u63d0\u5230\u6709\u5408\u4f5c\uff0c\u4efb\u4f55\u5b98\u5a92\u4e5f\u4e0d\u66fe\u63d0\u53ca\uff0c\u53cd\u5012\u662f\u4e2d\u56fd\u5eb7\u5bcc\u65d7\u4e0b\u5eb7\u5c99\uff08\u5176\u4f5c\u4e3a\u7279\u65af\u62c9\u5728\u4e2d\u56fd\u5927\u9646\u9996\u4e2a\u7535\u7f51\u4fa7\u50a8\u80fd\u7535\u7ad9\u9879\u76ee\u7684\u5b9e\u65bd\u4e3b\u4f53\uff09\u6709\u63d0\u5230//<a href=\"https://xueqiu.com/n/\u6885\u897f\u5e26\u7403\" target=\"_blank\">@\u6885\u897f\u5e26\u7403</a>:\u56de\u590d<a href=\"https://xueqiu.com/n/\u6d69\u7136\u7684\u56de\u62a5\u5c0f\u5c9b\u5c7f\" target=\"_blank\">@\u6d69\u7136\u7684\u56de\u62a5\u5c0f\u5c9b\u5c7f</a>:\u4e0a\u6d77\u7535\u529b", "donate_count": 0, "donate_snowcoin": 0, "editable": false, "expend": false, "fav_count": 0, "favorited": false, "flags": 36030033969545216, "hot": false, "id": 353616675, "is_answer": false, "is_bonus": false, "is_refused": false, "is_reward": false, "is_ss_multi_pic": false, "legal_user_visible": false, "like_count": 0, "liked": false, "mark": 0, "pic": "", "promotion_id": 0, "reply_count": 0, "retweet_count": 0, "retweet_status_id": 353599058, "retweeted_status": {"blocked": false, "blocking": false, "canEdit": true, "commentId": 0, "controversial": false, "created_at": 1758328353000, "description": "<a href=\"https://xueqiu.com/S/OKLO\" target=\"_blank\">$Oklo(OKLO)$</a> \u8ddf\u7279\u65af\u62c9\u7ed1\u5b9a\u7684\u7535\u529b\u516c\u53f8\u6709\u8c01\uff1f", "donate_count": 0, "donate_snowcoin": 0, "editable": true, "expend": false, "fav_count": 0, "favorited": false, "flags": 1236950581248, "hot": false, "id": 353599058, "is_answer": false, "is_bonus": false, "is_refused": false, "is_reward": false, "is_ss_multi_pic": false, "legal_user_visible": false, "like_count": 0, "liked": false, "mark": 0, "pic": "", "promotion_id": 0, "reply_count": 2, "retweet_count": 0, "retweet_status_id": 0, "reward_count": 0, "reward_user_count": 0, "rqid": 0, "source": "Android", "source_feed": false, "source_link": "http://xueqiu.com/about/mobile-xueqiu", "target": "/6355003754/353599058", "text": "<a href=\"https://xueqiu.com/S/OKLO\" target=\"_blank\">$Oklo(OKLO)$</a> \u8ddf\u7279\u65af\u62c9\u7ed1\u5b9a\u7684\u7535\u529b\u516c\u53f8\u6709\u8c01\uff1f", "timeBefore": "\u4eca\u5929 08:32", "title": "", "trackJson": "{\"fav_count\":0,\"created_at\":1758328353000,\"reply_count\":2,\"client_name\":\"Android\",\"retweet_count\":0,\"reward_count\":0}", "truncated": false, "truncated_by": 0, "type": "0", "user": {"allow_all_stock": false, "block_status": 0, "blocking": false, "city": "", "common_count": 0, "description": "", "donate_count": 0, "follow_me": false, "followers_count": 3, "following": false, "fortuneUser": false, "friends_count": 83, "id": 6355003754, "last_comment_id": 378201392, "last_status_id": 353599058, "photo_domain": "http://xavatar.imedao.com/", "profile": "/6355003754", "profile_image_url": "community/202310/1699236528702-1699236528846.png,community/202310/1699236528702-1699236528846.png!180x180.png,community/202310/1699236528702-1699236528846.png!50x50.png,community/202310/1699236528702-1699236528846.png!30x30.png", "screen_name": "\u6d69\u7136\u7684\u56de\u62a5\u5c0f\u5c9b\u5c7f", "st_color": "1", "status": 2, "status_count": 55, "step": "null", "subscribeable": false, "type": "1", "user": {"allow_all_stock": false, "anonymous": false, "areaCode": "86", "blocking": false, "city": "", "created_at": 1734851528325, "description": "", "donate_count": 0, "donate_snowcoin": 0, "follow_me": false, "followers_count": 3, "following": false, "friends_count": 83, "id": 6355003754, "last_comment_id": 378201392, "last_status_id": 353599058, "photo_domain": "http://xavatar.imedao.com/", "profile": "/6355003754", "profile_image_url": "community/202310/1699236528702-1699236528846.png,community/202310/1699236528702-1699236528846.png!180x180.png,community/202310/1699236528702-1699236528846.png!50x50.png,community/202310/1699236528702-1699236528846.png!30x30.png", "screen_name": "\u6d69\u7136\u7684\u56de\u62a5\u5c0f\u5c9b\u5c7f", "st_color": "1", "status": 2, "status_count": 55, "step": "null", "truncated": false, "type": "1", "verified": false, "verified_description": "", "verified_type": 0}, "verified": false, "verified_description": "", "verified_realname": false, "verified_type": 0}, "user_id": 6355003754, "view_count": 17851}, "reward_count": 0, "reward_user_count": 0, "rqid": 0, "source": "iPhone", "source_feed": false, "source_link": "http://xueqiu.com/about/mobile-xueqiu", "target": "/1581800962/353616675", "text": "\u56de\u590d<a href=\"https://xueqiu.com/n/\u6885\u897f\u5e26\u7403\" target=\"_blank\">@\u6885\u897f\u5e26\u7403</a>: \u8fd92\u5bb6\u516c\u53f8\u516c\u544a\u4e2d\u90fd\u672a\u80fd\u63d0\u5230\u6709\u5408\u4f5c\uff0c\u4efb\u4f55\u5b98\u5a92\u4e5f\u4e0d\u66fe\u63d0\u53ca\uff0c\u53cd\u5012\u662f\u4e2d\u56fd\u5eb7\u5bcc\u65d7\u4e0b\u5eb7\u5c99\uff08\u5176\u4f5c\u4e3a\u7279\u65af\u62c9\u5728\u4e2d\u56fd\u5927\u9646\u9996\u4e2a\u7535\u7f51\u4fa7\u50a8\u80fd\u7535\u7ad9\u9879\u76ee\u7684\u5b9e\u65bd\u4e3b\u4f53\uff09\u6709\u63d0\u5230//<a href=\"https://xueqiu.com/n/\u6885\u897f\u5e26\u7403\" target=\"_blank\">@\u6885\u897f\u5e26\u7403</a>:\u56de\u590d<a href=\"https://xueqiu.com/n/\u6d69\u7136\u7684\u56de\u62a5\u5c0f\u5c9b\u5c7f\" target=\"_blank\">@\u6d69\u7136\u7684\u56de\u62a5\u5c0f\u5c9b\u5c7f</a>:\u4e0a\u6d77\u7535\u529b", "timeBefore": "\u4eca\u5929 12:35", "title": "", "trackJson": "{\"fav_count\":0,\"created_at\":1758342915000,\"reply_count\":0,\"client_name\":\"iPhone\",\"retweet_count\":0,\"reward_count\":0}", "truncated": false, "truncated_by": 0, "type": "", "user": {"allow_all_stock": false, "block_status": 0, "blocking": false, "city": "", "common_count": 0, "description": "", "donate_count": 0, "follow_me": false, "followers_count": 5, "following": false, "fortuneUser": false, "friends_count": 38, "gender": "n", "id": 1581800962, "last_comment_id": 378349834, "last_status_id": 353616675, "photo_domain": "http://xavatar.imedao.com/", "profile": "/1581800962", "profile_image_url": "community/20257/1755613496573-1755613496734.jpg,community/20257/1755613496573-1755613496734.jpg!180x180.png,community/20257/1755613496573-1755613496734.jpg!50x50.png,community/20257/1755613496573-1755613496734.jpg!30x30.png", "screen_name": "\u6700\u7231\u590f\u5929117", "st_color": "1", "status": 0, "status_count": 44, "step": "null", "subscribeable": false, "type": "1", "user": {"allow_all_stock": false, "anonymous": false, "areaCode": "86", "blocking": false, "city": "", "created_at": 1696728337696, "description": "", "donate_count": 0, "donate_snowcoin": 0, "follow_me": false, "followers_count": 5, "following": false, "friends_count": 38, "gender": "n", "id": 1581800962, "last_comment_id": 378349834, "last_status_id": 353616675, "photo_domain": "http://xavatar.imedao.com/", "profile": "/1581800962", "profile_image_url": "community/20257/1755613496573-1755613496734.jpg,community/20257/1755613496573-1755613496734.jpg!180x180.png,community/20257/1755613496573-1755613496734.jpg!50x50.png,community/20257/1755613496573-1755613496734.jpg!30x30.png", "screen_name": "\u6700\u7231\u590f\u5929117", "st_color": "1", "status": 0, "status_count": 44, "step": "null", "truncated": false, "type": "1", "verified": false, "verified_description": "", "verified_type": 0}, "verified": false, "verified_description": "", "verified_realname": false, "verified_type": 0}, "user_id": 1581800962, "view_count": 1197}, {"blocked": false, "blocking": false, "canEdit": false, "commentId": 378349797, "controversial": false, "created_at": 1758342887000, "description": "\u7279\u65af\u62c9\u6ca1\u53cd\u5e94\u8bf4\u660e\u673a\u5668\u4eba\u6839\u672c\u5c31\u6ca1\u8fdb\u5c55\uff0c\u8d1f\u8d23\u4eba\u8d70\u4e0d\u8d70\u6839\u672c\u6ca1\u533a\u522b", "donate_count": 0, "donate_snowcoin": 0, "editable": false, "expend": false, "fav_count": 0, "favorited": false, "flags": 1236950581248, "hot": false, "id": 353616642, "is_answer": false, "is_bonus": false, "is_refused": false, "is_reward": false, "is_ss_multi_pic": false, "legal_user_visible": false, "like_count": 0, "liked": false, "mark": 0, "pic": "", "promotion_id": 0, "reply_count": 0, "retweet_count": 0, "retweet_status_id": 353611835, "retweeted_status": {"blocked": false, "blocking": false, "canEdit": true, "commentId": 0, "controversial": false, "created_at": 1758338711000, "description": "<a href=\"https://xueqiu.com/S/SZ002050\" target=\"_blank\">$\u4e09\u82b1\u667a\u63a7(SZ002050)$</a> <a href=\"https://xueqiu.com/S/SH601689\" target=\"_blank\">$\u62d3\u666e\u96c6\u56e2(SH601689)$</a> <a href=\"https://xueqiu.com/S/SH600699\" target=\"_blank\">$\u5747\u80dc\u7535\u5b50(SH600699)$</a> \u5468\u672b\u53c8\u7206\u51fa\u7279\u65af\u62c9\u673a\u5668\u4eba\u8d1f\u8d23\u4eba\u79bb\u804c\u7684\u6d88\u606f\uff0c\u4f46\u7279\u65af\u62c9\u80a1\u4ef7\u4e0d\u8dcc\u53cd\u6da8\uff0c\u5e94\u8be5\u5f71\u54cd\u4e0d\u5927\uff0c\u5468\u4e94\u4e4b\u6240\u4ee5\u673a\u5668\u4eba\u677f\u5757\u8c03\u6574\u5e45\u5ea6\u5927\uff0c\u6d88\u606f\u8bc1\u4f2a\u662f\u4e00\u65b9\u9762\uff0c\u4e3b\u8981\u8fd8\u662f\u5468\u56db\u62a2\u5c3e\u76d8\u62a2\u7684\u592a\u51f6\u3002\u4e0b\u5468\u4e00\u9884\u8ba1\u4eba\u5f62\u673a\u5668\u4eba\u677f\u5757\u4f1a\u6709\u4e00\u6ce2\u5f31\u53cd\u5f39\uff0c\u771f\u6b63\u8003\u9a8c\u7684\u662f\u5468\u4e8c\u5426...", "donate_count": 0, "donate_snowcoin": 0, "editable": true, "expend": true, "fav_count": 2, "favorited": false, "flags": 36030033969545216, "hot": false, "id": 353611835, "is_answer": false, "is_bonus": false, "is_refused": false, "is_reward": false, "is_ss_multi_pic": false, "legal_user_visible": false, "like_count": 2, "liked": false, "mark": 0, "pic": "", "promotion_id": 0, "reply_count": 5, "retweet_count": 0, "retweet_status_id": 0, "reward_count": 0, "reward_user_count": 0, "rqid": 0, "source": "Android", "source_feed": false, "source_link": "http://xueqiu.com/about/mobile-xueqiu", "target": "/5636807521/353611835", "text": "<a href=\"https://xueqiu.com/S/SZ002050\" target=\"_blank\">$\u4e09\u82b1\u667a\u63a7(SZ002050)$</a> <a href=\"https://xueqiu.com/S/SH601689\" target=\"_blank\">$\u62d3\u666e\u96c6\u56e2(SH601689)$</a> <a href=\"https://xueqiu.com/S/SH600699\" target=\"_blank\">$\u5747\u80dc\u7535\u5b50(SH600699)$</a> \u5468\u672b\u53c8\u7206\u51fa\u7279\u65af\u62c9\u673a\u5668\u4eba\u8d1f\u8d23\u4eba\u79bb\u804c\u7684\u6d88\u606f\uff0c\u4f46\u7279\u65af\u62c9\u80a1\u4ef7\u4e0d\u8dcc\u53cd\u6da8\uff0c\u5e94\u8be5\u5f71\u54cd\u4e0d\u5927\uff0c\u5468\u4e94\u4e4b\u6240\u4ee5\u673a\u5668\u4eba\u677f\u5757\u8c03\u6574\u5e45\u5ea6\u5927\uff0c\u6d88\u606f\u8bc1\u4f2a\u662f\u4e00\u65b9\u9762\uff0c\u4e3b\u8981\u8fd8\u662f\u5468\u56db\u62a2\u5c3e\u76d8\u62a2\u7684\u592a\u51f6\u3002\u4e0b\u5468\u4e00\u9884\u8ba1\u4eba\u5f62\u673a\u5668\u4eba\u677f\u5757\u4f1a\u6709\u4e00\u6ce2\u5f31\u53cd\u5f39\uff0c\u771f\u6b63\u8003\u9a8c\u7684\u662f\u5468\u4e8c\u5426\u8fd8\u4f1a\u4e8c\u6b21\u4e0b\u6740\u4ee5\u53ca\u4e0b\u6740\u7684\u529b\u5ea6\u548c\u6df1\u5ea6\uff0c\u4f46\u57fa\u672c\u4e0a\u8c03\u6574\u5230\u4e0b\u5468\u4e8c\uff0c\u505a\u7a7a\u52a8\u80fd\u5c31\u91ca\u653e\u7684\u5dee\u4e0d\u591a\u4e86\uff0c\u5468\u4e8c\u5348\u76d8\u53ef\u4ee5\u8003\u8651\u4ecb\u5165\uff0c\u7b49\u5f85\u4f01\u7a33\u540e\u65b0\u7684\u4e00\u6ce2\u8d8b\u52bf\u62c9\u5347\u3002\u677f\u5757\u6838\u5fc3\u5c31\u951a\u5b9a\u5747\u80dc\u7535\u5b50\u548c\u4e09\u82b1\u667a\u63a7\u3002", "timeBefore": "\u4eca\u5929 11:25", "title": "", "trackJson": "{\"fav_count\":2,\"created_at\":1758338711000,\"reply_count\":5,\"client_name\":\"Android\",\"retweet_count\":0,\"reward_count\":0}", "truncated": false, "truncated_by": 0, "type": "2", "user": {"allow_all_stock": false, "block_status": 0, "blocking": false, "city": "\u57ce\u5e02/\u5730\u533a", "common_count": 0, "description": "\u4e00\u540d\u8eab\u5904\u67d0\u5b89\u9038\u57ce\u5e02\u7684\u56fd\u6709\u4f01\u4e1a\u6295\u8d44\u7ecf\u7406", "donate_count": 0, "follow_me": false, "followers_count": 2707, "following": false, "fortuneUser": false, "friends_count": 72, "gender": "n", "id": 5636807521, "last_comment_id": 378342643, "last_status_id": 353611835, "photo_domain": "http://xavatar.imedao.com/", "profile": "/5636807521", "profile_image_url": "community/20145/1401676610283-1401676624727.gif,community/20145/1401676610283-1401676624727.gif!180x180.png,community/20145/1401676610283-1401676624727.gif!50x50.png,community/20145/1401676610283-1401676624727.gif!30x30.png", "province": "\u6c5f\u82cf", "screen_name": "\u5c0f\u5c0f\u773c\u955c", "st_color": "1", "status": 1, "status_count": 1682, "step": "three", "subscribeable": false, "type": "1", "user": {"allow_all_stock": false, "anonymous": false, "areaCode": "86", "blocking": false, "city": "\u57ce\u5e02/\u5730\u533a", "created_at": 1401676597086, "description": "\u4e00\u540d\u8eab\u5904\u67d0\u5b89\u9038\u57ce\u5e02\u7684\u56fd\u6709\u4f01\u4e1a\u6295\u8d44\u7ecf\u7406", "donate_count": 0, "donate_snowcoin": 0, "follow_me": false, "followers_count": 2707, "following": false, "friends_count": 72, "gender": "n", "id": 5636807521, "last_comment_id": 378342643, "last_status_id": 353611835, "photo_domain": "http://xavatar.imedao.com/", "profile": "/5636807521", "profile_image_url": "community/20145/1401676610283-1401676624727.gif,community/20145/1401676610283-1401676624727.gif!180x180.png,community/20145/1401676610283-1401676624727.gif!50x50.png,community/20145/1401676610283-1401676624727.gif!30x30.png", "province": "\u6c5f\u82cf", "screen_name": "\u5c0f\u5c0f\u773c\u955c", "st_color": "1", "status": 1, "status_count": 1682, "step": "three", "truncated": false, "type": "1", "verified": false, "verified_description": "", "verified_type": 0}, "verified": false, "verified_description": "", "verified_realname": false, "verified_type": 0}, "user_id": 5636807521, "view_count": 13138}, "reward_count": 0, "reward_user_count": 0, "rqid": 0, "source": "Android", "source_feed": false, "source_link": "http://xueqiu.com/about/mobile-xueqiu", "target": "/2715581829/353616642", "text": "\u7279\u65af\u62c9\u6ca1\u53cd\u5e94\u8bf4\u660e\u673a\u5668\u4eba\u6839\u672c\u5c31\u6ca1\u8fdb\u5c55\uff0c\u8d1f\u8d23\u4eba\u8d70\u4e0d\u8d70\u6839\u672c\u6ca1\u533a\u522b", "timeBefore": "\u4eca\u5929 12:34", "title": "", "trackJson": "{\"fav_count\":0,\"created_at\":1758342887000,\"reply_count\":0,\"client_name\":\"Android\",\"retweet_count\":0,\"reward_count\":0}", "truncated": false, "truncated_by": 0, "type": "", "user": {"allow_all_stock": false, "block_status": 0, "blocking": false, "city": "\u4e0d\u9650", "common_count": 0, "description": "", "donate_count": 0, "follow_me": false, "followers_count": 831, "following": false, "fortuneUser": false, "friends_count": 597, "gender": "m", "id": 2715581829, "last_comment_id": 378349797, "last_status_id": 353616642, "photo_domain": "http://xavatar.imedao.com/", "profile": "/2715581829", "profile_image_url": "community/20249/1728178286363-1728178286491.jpeg,community/20249/1728178286363-1728178286491.jpeg!180x180.png,community/20249/1728178286363-1728178286491.jpeg!50x50.png,community/20249/1728178286363-1728178286491.jpeg!30x30.png", "province": "\u5e7f\u4e1c", "screen_name": "\u505aAI\u603b\u53f8\u4ee4", "st_color": "1", "status": 0, "status_count": 4696, "step": "null", "subscribeable": false, "type": "1", "user": {"ability": "\u4e09\u805a\u73af\u4fdd,\u4ea8\u901a\u5149\u7535", "allow_all_stock": false, "anonymous": false, "areaCode": "86", "blocking": false, "city": "\u4e0d\u9650", "created_at": 1427785393304, "description": "", "donate_count": 0, "donate_snowcoin": 0, "follow_me": false, "followers_count": 831, "following": false, "friends_count": 597, "gender": "m", "id": 2715581829, "last_comment_id": 378349797, "last_status_id": 353616642, "photo_domain": "http://xavatar.imedao.com/", "profile": "/2715581829", "profile_image_url": "community/20249/1728178286363-1728178286491.jpeg,community/20249/1728178286363-1728178286491.jpeg!180x180.png,community/20249/1728178286363-1728178286491.jpeg!50x50.png,community/20249/1728178286363-1728178286491.jpeg!30x30.png", "province": "\u5e7f\u4e1c", "screen_name": "\u505aAI\u603b\u53f8\u4ee4", "st_color": "1", "status": 0, "status_count": 4696, "step": "null", "truncated": false, "type": "1", "verified": false, "verified_description": "", "verified_type": 0}, "verified": false, "verified_description": "", "verified_realname": false, "verified_type": 0}, "user_id": 2715581829, "view_count": 1121}, {"blocked": false, "blocking": false, "canEdit": false, "commentId": 378349078, "controversial": false, "created_at": 1758342232000, "description": "\u7279\u65af\u7279\u65af\u62c9\u90a3\u4e2a\u51cf\u91cd\uff0c11kg\uff0c\u7528\u7684\u4e5f\u662f\u94dd\u9541\u5408\u91d1\uff0cAm60a,\u4ed6\u6839\u672c\u5c31\u4e00\u4e01\u70b9peek\u90fd\u6ca1\u6709,\u8bf4\u53e5\u4e0d\u597d\u542c\u7684\uff0cpeek\u5c31\u662f\u5728\u90a3\u513f\u610f\u6deb,\u82f1\u56fd\u4f6c\u7814\u7a76\u90a3\u73a9\u610f\u513f20\u591a\u5e74\u4e86,\u6210\u672c\u964d\u4e86\u5417\uff1f\u4e00\u4e01\u70b9\u6ca1\u964d", "donate_count": 0, "donate_snowcoin": 0, "editable": false, "edited_at": 1758342295000, "expend": false, "fav_count": 0, "favorited": false, "flags": 36030033969545216, "hot": false, "id": 353615970, "is_answer": false, "is_bonus": false, "is_refused": false, "is_reward": false, "is_ss_multi_pic": false, "legal_user_visible": false, "like_count": 0, "liked": false, "mark": 0, "pic": "", "promotion_id": 0, "reply_count": 1, "retweet_count": 0, "retweet_status_id": 353609590, "retweeted_status": {"blocked": false, "blocking": false, "canEdit": true, "commentId": 0, "controversial": false, "created_at": 1758337077000, "description": "PEEK \u751f\u4ea7\u7684\u6838\u5fc3\u539f\u6599\u6c1f\u916e\u5e02\u573a\u88ab\u5c11\u6570\u4f01\u4e1a\u5784\u65ad\uff0c\u6210\u672c\u5360\u6bd4\u9ad8\u8fbe 50%\uff0c\u8fd9\u79cd\u4f9b\u5e94\u94fe\u8106\u5f31\u6027\u5728\u4eba\u5f62\u673a\u5668\u4eba\u91cf\u4ea7\u65f6\u53ef\u80fd\u6210\u4e3a\u81f4\u547d\u9690\u60a3\u3002\u53cd\u89c2\u9541\u5408\u91d1\u4ea7\u4e1a\u94fe\uff0c\u4ece\u539f\u9541\u51b6\u70bc\uff08\u5b9d\u6b66\u9541\u4e1a\uff09\u5230\u534a\u56fa\u6001\u6210\u578b\u8bbe\u5907\uff08\u5b9c\u9541\u6cf0\u3001\u6d77\u5929\u3001\u4f0a\u4e4b\u5bc6\uff09\u518d\u5230\u7cbe\u5bc6\u52a0\u5de5\uff08\u5b9c\u5b89\u79d1\u6280\u3001\u661f\u6e90\u5353\u9541\uff09\uff0c\u5df2\u5f62\u6210\u5b8c\u5168\u56fd\u4ea7\u5316\u94fe\u6761\u3002\u5f53\u7279\u65af\u62c9 Optimus Gen2 \u7528 ...", "donate_count": 0, "donate_snowcoin": 0, "editable": true, "expend": true, "fav_count": 5, "favorited": false, "flags": 36028934457917440, "hot": false, "id": 353609590, "is_answer": false, "is_bonus": false, "is_refused": false, "is_reward": false, "is_ss_multi_pic": false, "legal_user_visible": false, "like_count": 2, "liked": false, "mark": 0, "pic": "", "promotion_id": 0, "reply_count": 4, "retweet_count": 0, "retweet_status_id": 0, "reward_count": 0, "reward_user_count": 0, "rqid": 0, "source": "Android", "source_feed": false, "source_link": "http://xueqiu.com/about/mobile-xueqiu", "target": "/2996125879/353609590", "text": "PEEK \u751f\u4ea7\u7684\u6838\u5fc3\u539f\u6599\u6c1f\u916e\u5e02\u573a\u88ab\u5c11\u6570\u4f01\u4e1a\u5784\u65ad\uff0c\u6210\u672c\u5360\u6bd4\u9ad8\u8fbe 50%\uff0c\u8fd9\u79cd\u4f9b\u5e94\u94fe\u8106\u5f31\u6027\u5728\u4eba\u5f62\u673a\u5668\u4eba\u91cf\u4ea7\u65f6\u53ef\u80fd\u6210\u4e3a\u81f4\u547d\u9690\u60a3\u3002\u53cd\u89c2\u9541\u5408\u91d1\u4ea7\u4e1a\u94fe\uff0c\u4ece\u539f\u9541\u51b6\u70bc\uff08\u5b9d\u6b66\u9541\u4e1a\uff09\u5230\u534a\u56fa\u6001\u6210\u578b\u8bbe\u5907\uff08\u5b9c\u9541\u6cf0\u3001\u6d77\u5929\u3001\u4f0a\u4e4b\u5bc6\uff09\u518d\u5230\u7cbe\u5bc6\u52a0\u5de5\uff08\u5b9c\u5b89\u79d1\u6280\u3001\u661f\u6e90\u5353\u9541\uff09\uff0c\u5df2\u5f62\u6210\u5b8c\u5168\u56fd\u4ea7\u5316\u94fe\u6761\u3002\u5f53\u7279\u65af\u62c9 Optimus Gen2 \u7528 PEEK \u590d\u5408\u6750\u6599\u5b9e\u73b0 10kg \u51cf\u91cd\u65f6\uff0c\u57c3\u65af\u987f\u5374\u5728\u6084\u6084\u5e03\u5c40\u53e6\u4e00\u5957\u6280\u672f\u8def\u7ebf \u2014\u2014 \u6700\u65b0\u53d1\u5e03\u7684 ER4-550-MI \u673a\u5668\u4eba\u91c7\u7528\u9541\u5408\u91d1\u7ed3\u6784\u4ef6\uff0c\u4e0d\u4ec5\u51cf\u91cd 11%\uff0c\u8fd8\u5c06\u80fd\u8017\u964d\u4f4e 10%\uff0c\u66f4\u5173\u952e\u7684\u662f\u5355\u673a\u6750\u6599\u6210\u672c\u964d\u4f4e\u4e86\u8fd1 40%\u3002\u8fd9\u573a\u770b\u4f3c\u5e73\u884c\u7684\u6280\u672f\u9009\u62e9\uff0c\u5b9e\u5219\u63ed\u5f00\u4e86\u4eba\u5f62\u673a\u5668\u4eba\u4ea7\u4e1a\u5316\u7684\u6838\u5fc3\u77db\u76fe\uff1a\u7a76\u7adf\u662f\u9009\u62e9\u6027\u80fd\u6781\u81f4\u7684 &#34;\u8d35\u65cf\u6750\u6599&#34;PEEK\uff0c\u8fd8\u662f\u6027\u4ef7\u6bd4\u66f4\u9ad8\u7684 &#34;\u5e73\u6c11\u65b9\u6848&#34; \u9541\u5408\u91d1\uff1f\u968f\u7740\u56fd\u4ea7\u534a\u56fa\u6001\u6ce8\u5c04\u6210\u578b\u8bbe\u5907\u7684\u7a81\u7834\uff0c\u8fd9\u573a\u6750\u6599\u4e4b\u4e89\u6b63\u5728\u8fce\u6765\u5173\u952e\u8f6c\u6298\u70b9\u3002<br/>\u9541\u5408\u91d1\u534a\u56fa\u6001\u6210\u578b\u6280\u672f\u662f\u5f53\u524d\u8f7b\u91cf\u5316\u5236\u9020\u7684\u524d\u6cbf\u9886\u57df\uff0c\u5b83\u878d\u5408\u4e86\u538b\u94f8\u4e0e\u6ce8\u5851\u5de5\u827a\u7684\u4f18\u70b9\uff0c\u80fd\u591f\u751f\u4ea7\u51fa\u9ad8\u5f3a\u5ea6\u3001\u9ad8\u7cbe\u5bc6\u5ea6\u4e14\u8f7b\u91cf\u7684\u590d\u6742\u6784\u4ef6\u3002\u8be5\u6280\u672f\u5728\u4eba\u5f62\u673a\u5668\u4eba\u3001\u65b0\u80fd\u6e90\u6c7d\u8f66\u3001\u822a\u7a7a\u822a\u5929\u7b49\u591a\u4e2a\u9ad8\u7aef\u5236\u9020\u9886\u57df\u5c55\u73b0\u51fa\u5de8\u5927\u7684\u5e94\u7528\u6f5c\u529b\u3002<br/>\u76ee\u524d\uff0c\u56fd\u5185\u6709\u591a\u5bb6\u4e0a\u5e02\u516c\u53f8\u5728\u8be5\u9886\u57df\u8fdb\u884c\u4e86\u91cd\u70b9\u5e03\u5c40\uff0c\u4ee5\u4e0b\u662f\u4e94\u5bb6\u6838\u5fc3\u4f01\u4e1a\u7684\u8be6\u7ec6\u4ecb\u7ecd\uff1a<br/>\ud83c\udfed 1. \u4f0a\u4e4b\u5bc6 (300415.SZ)<br/>\u4f0a\u4e4b\u5bc6\u662f\u56fd\u5185\u534a\u56fa\u6001\u9541\u5408\u91d1\u6ce8\u5c04\u6210\u578b\u8bbe\u5907\u7684\u9886\u519b\u4f01\u4e1a\u3002\u516c\u53f8\u5728\u8be5\u9886\u57df\u62e5\u6709\u6838\u5fc3\u4e13\u5229\u6280\u672f\uff0c\u4f8b\u5982\u4f3a\u670d\u63a7\u5236\u6210\u578b\u548c\u9759\u6001\u5c4f\u969c\u6df7\u70bc\u88c5\u7f6e\uff0c\u8fd9\u4e9b\u6280\u672f\u6709\u52a9\u4e8e\u63d0\u5347\u751f\u4ea7\u7cbe\u5ea6\u548c\u6548\u7387\u3002\u5176\u8bbe\u5907\u7cfb\u5217\u8986\u76d6\u8303\u56f4\u5e7f\uff0c\u4ece400T\u523010000T\u7684\u673a\u578b\u90fd\u6709\u5e03\u5c40\uff0c\u80fd\u591f\u6ee1\u8db3\u4ece\u6d88\u8d39\u7535\u5b50\u5c0f\u578b\u4ef6\u5230\u65b0\u80fd\u6e90\u6c7d\u8f66\u5927\u578b\u7ed3\u6784\u4ef6\u7b49\u4e0d\u540c\u573a\u666f\u7684\u5e94\u7528\u9700\u6c42\u3002\u516c\u53f8\u7684MGII\u7cfb\u5217\u534a\u56fa\u6001\u9541\u5408\u91d1\u6ce8\u5c04\u6210\u578b\u673a\u96c6\u6210\u4e86\u591a\u9879\u5148\u8fdb\u6280\u672f\uff0c\u65e8\u5728\u63d0\u5347\u7194\u6599\u91cf\u3001\u964d\u4f4e\u80fd\u8017\u548c\u5408\u6a21\u6210\u672c\u30022025\u5e74\uff0c\u4f0a\u4e4b\u5bc6\u4e0e\u745e\u58ebDGS\u96c6\u56e2\u8fbe\u6210\u6218\u7565\u5408\u4f5c\uff0c\u5171\u540c\u653b\u575a\u6c7d\u8f66\u4e0e\u673a\u5668\u4eba\u590d\u6742\u7ed3\u6784\u4ef6\u7684\u91cf\u4ea7\u96be\u9898\uff0c\u8fdb\u4e00\u6b65\u5de9\u56fa\u4e86\u5176\u6280\u672f\u9886\u5148\u6027\u548c\u5e02\u573a\u5730\u4f4d\u3002<br/>\ud83d\udd29 2. \u529b\u52b2\u79d1\u6280 (0558.HK)<br/>\u529b\u52b2\u79d1\u6280\u662f\u5168\u7403\u538b\u94f8\u673a\u8bbe\u5907\u9886\u57df\u7684\u5de8\u5934\uff0c\u5c24\u5176\u5728\u8d85\u5927\u578b\u4e00\u4f53\u5316\u538b\u94f8\u8bbe\u5907\u5e02\u573a\u62e5\u6709\u8d85\u8fc760%\u7684\u5e02\u5360\u7387\uff0c\u6df1\u5ea6\u7ed1\u5b9a\u7279\u65af\u62c9\u3001\u851a\u6765\u7b49\u5934\u90e8\u8f66\u4f01\u3002\u5728\u9541\u5408\u91d1\u534a\u56fa\u6001\u6210\u578b\u9886\u57df\uff0c\u516c\u53f8\u63a8\u51fa\u4e863200T\u9541\u5408\u91d1\u534a\u56fa\u6001\u6ce8\u5c04\u6210\u578b\u8bbe\u5907\uff0c\u7528\u4e8e\u751f\u4ea7\u7535\u9a71\u58f3\u4f53\u7b49\u90e8\u4ef6\uff0c\u5176TPI\u534a\u56fa\u6001\u538b\u94f8\u6280\u672f\u636e\u79f0\u80fd\u63d0\u5347\u9541\u5408\u91d1\u5f3a\u5ea6\u8fbe30%\u3002\u516c\u53f8\u8fd8\u4e3b\u5bfc\u4e86\u9541\u5408\u91d1\u673a\u5668\u4eba\u7684\u7814\u53d1\u9879\u76ee\uff0c\u79ef\u6781\u63a2\u7d22\u65b0\u6750\u6599\u5728\u673a\u5668\u4eba\u9886\u57df\u7684\u5e94\u7528\u3002<br/>\ud83c\udfd7\ufe0f 3. \u6d77\u5929\u91d1\u5c5e (601882.SH)<br/>\u6d77\u5929\u91d1\u5c5e\u662f\u9541\u5408\u91d1\u538b\u94f8\u8bbe\u5907\u7684\u91cd\u8981\u4f9b\u5e94\u5546\u3002\u5176\u660e\u661f\u4ea7\u54c1MTX3000D\u673a\u578b\u5b9e\u73b0\u4e8620\u5bf8\u9541\u5408\u91d1\u8f6e\u6bc2\u7684\u534a\u56fa\u6001\u6210\u578b\uff0c\u5355\u4e2a\u8f6e\u6bc2\u53ef\u51cf\u91cd4.2\u516c\u65a4\uff0c\u76f8\u6bd4\u94dd\u5408\u91d1\u8f6e\u6bc2\u51cf\u91cd\u6bd4\u4f8b\u9ad8\u8fbe35%\uff0c\u8f7b\u91cf\u5316\u6548\u679c\u663e\u8457\u3002\u516c\u53f8\u79ef\u6781\u4e0e\u4e0b\u6e38\u5ba2\u6237\u5408\u4f5c\u5f00\u53d1\uff0c\u4f8b\u5982\u4e0e\u4e1c\u98ce\u6c7d\u8f66\u8054\u5408\u5f00\u53d1\u9ad8\u5f3a\u8010\u8680\u7684\u9541\u5408\u91d1\u8f6e\u6bc2\uff0c\u5e76\u9884\u8ba1\u57282025\u5e74\u5b9e\u73b0\u6279\u91cf\u88c5\u8f66\uff0c\u63a8\u52a8\u9541\u5408\u91d1\u5728\u6c7d\u8f66\u9886\u57df\u7684\u5e94\u7528\u3002<br/>\ud83e\udd16 4. \u5b9c\u5b89\u79d1\u6280 (300328.SZ)<br/>\u5b9c\u5b89\u79d1\u6280\u867d\u7136\u4ee5\u5176\u5927\u578b\u9541/\u94dd\u5408\u91d1\u538b\u94f8\u4ef6\u751f\u4ea7\u800c\u95fb\u540d\uff0c\u5e76\u6df1\u5ea6\u4ecb\u5165\u4e0b\u6e38\u5236\u9020\u73af\u8282\uff0c\u4f46\u5176\u5728\u9ad8\u7aef\u538b\u94f8\u8bbe\u5907\u7684\u5f15\u8fdb\u548c\u5e03\u5c40\u4e0a\u4e5f\u540c\u6837\u5f15\u4eba\u6ce8\u76ee\uff0c\u5c55\u73b0\u4e86\u516c\u53f8\u5bf9\u524d\u6cbf\u5236\u9020\u6280\u672f\u7684\u6295\u5165\u3002\u516c\u53f8\u5f15\u8fdb\u4e86\u591a\u5957\u5168\u7403\u9886\u5148\u7684JSW\u54c1\u724c\u534a\u56fa\u6001\u89e6\u53d8\u6210\u578b\u8bbe\u5907\uff0c\u5efa\u6210\u4e86\u4ece280T\u52303000T\u7684\u534a\u56fa\u6001\u89e6\u53d8\u6210\u578b\u751f\u4ea7\u7ebf\u3002\u5176\u4e2d\uff0cJSW3000T\u8bbe\u5907\u662f\u56fd\u5185\u7b2c\u4e09\u53f0\u3001\u534e\u5357\u5730\u533a\u9996\u53f0\u5927\u5428\u4f4d\u9541\u5408\u91d1\u534a\u56fa\u6001\u6ce8\u5c04\u6210\u578b\u673a\uff0c\u5df2\u4e8e2025\u5e747\u6708\u4e2d\u65ec\u6b63\u5f0f\u6295\u4ea7\uff0c\u4e0d\u4f7f\u7528\u7194\u5316\u7089\u53caSF6\u4fdd\u62a4\u6c14\u4f53\uff0c\u66f4\u52a0\u73af\u4fdd\u8282\u80fd\u3002\u8fd9\u4e9b\u5148\u8fdb\u8bbe\u5907\u4e3a\u5176\u5728\u65b0\u80fd\u6e90\u6c7d\u8f66\u96f6\u90e8\u4ef6\u3001\u6d88\u8d39\u7535\u5b50\u3001AI\u673a\u5668\u4eba\u7b49\u9886\u57df\u7684\u8f7b\u91cf\u5316\u89e3\u51b3\u65b9\u6848\u63d0\u4f9b\u4e86\u5f3a\u5927\u7684\u786c\u4ef6\u652f\u6491\u3002<br/>\u2699\ufe0f 5. \u5b9d\u6b66\u9541\u4e1a (002182.SZ)<br/>\u5b9d\u6b66\u9541\u4e1a\u4f5c\u4e3a\u5168\u7403\u539f\u9541\u548c\u9541\u5408\u91d1\u6750\u6599\u7684\u9f99\u5934\u4f9b\u5e94\u5546\uff0c\u5176\u6218\u7565\u91cd\u5fc3\u5728\u4e8e\u6253\u901a\u4ece\u77ff\u4ea7\u8d44\u6e90\u5230\u6df1\u52a0\u5de5\u7684\u5168\u4ea7\u4e1a\u94fe\u3002\u516c\u53f8\u4e0d\u4ec5\u63d0\u4f9b\u9541\u5408\u91d1\u6750\u6599\uff0c\u4e5f\u79ef\u6781\u5e03\u5c40\u548c\u63a8\u8fdb\u9541\u5408\u91d1\u534a\u56fa\u6001\u6210\u578b\u6280\u672f\u7684\u7814\u53d1\u4e0e\u5e94\u7528\uff0c\u65e8\u5728\u5de9\u56fa\u5176\u884c\u4e1a\u9886\u5148\u5730\u4f4d\u3002\u516c\u53f8\u4e0e\u673a\u5668\u4eba\u4f01\u4e1a\u57c3\u65af\u987f\u8054\u5408\u63a8\u51fa\u4e86\u5168\u7403\u9996\u6b3e\u9541\u5408\u91d1\u673a\u5668\u4ebaER4-550-MI\uff0c\u6210\u529f\u5b9e\u73b0\u51cf\u91cd11%\u548c\u80fd\u8017\u964d\u4f4e10%\uff0c\u5e76\u5df2\u6279\u91cf\u4f9b\u8d27\uff0c\u5c55\u793a\u4e86\u9541\u5408\u91d1\u5728\u534a\u56fa\u6001\u6210\u578b\u5e94\u7528\u4e0a\u7684\u5de8\u5927\u6f5c\u529b\u3002\u516c\u53f8\u8ba1\u5212\u52302025\u5e74\u5c06\u7eff\u8272\u9541\u4ea7\u80fd\u5360\u6bd4\u63d0\u5347\u81f335%\uff0c\u5e76\u6301\u7eed\u5e03\u5c40\u9541\u5408\u91d1\u534a\u56fa\u6001\u6210\u578b\u6280\u672f\uff0c\u5f15\u9886\u6750\u6599\u7aef\u4e0e\u5236\u9020\u5de5\u827a\u7684\u534f\u540c\u53d1\u5c55\u3002<br/>\ud83d\udc8e \u6295\u8d44\u63d0\u793a<br/>\u6295\u8d44\u9541\u5408\u91d1\u534a\u56fa\u6001\u6210\u578b\u8bbe\u5907\u4f01\u4e1a\uff0c\u9700\u8981\u6ce8\u610f\u4ee5\u4e0b\u51e0\u70b9\uff1a<br/>* \u6280\u672f\u8fed\u4ee3\u98ce\u9669\uff1a\u8be5\u9886\u57df\u5c5e\u4e8e\u524d\u6cbf\u6280\u672f\uff0c\u5de5\u827a\u8fed\u4ee3\u8f83\u5feb\uff0c\u9700\u8981\u6301\u7eed\u5173\u6ce8\u4f01\u4e1a\u7684\u7814\u53d1\u6295\u5165\u548c\u6280\u672f\u8fdb\u5c55\u3002<br/>* \u4e0b\u6e38\u9700\u6c42\u6ce2\u52a8\uff1a\u8bbe\u5907\u9700\u6c42\u9ad8\u5ea6\u4f9d\u8d56\u4e0b\u6e38\u884c\u4e1a\uff08\u5982\u65b0\u80fd\u6e90\u6c7d\u8f66\u3001\u673a\u5668\u4eba\uff09\u7684\u53d1\u5c55\u901f\u5ea6\u548c\u8d44\u672c\u5f00\u652f\u60c5\u51b5\uff0c\u8fd9\u4e9b\u884c\u4e1a\u7684\u666f\u6c14\u5ea6\u53d8\u5316\u53ef\u80fd\u4f1a\u5bf9\u8bbe\u5907\u8ba2\u5355\u4ea7\u751f\u5f71\u54cd\u3002<br/>* \u539f\u6750\u6599\u4ef7\u683c\u98ce\u9669\uff1a\u9541\u5408\u91d1\u7684\u4ef7\u683c\u6ce2\u52a8\u4f1a\u95f4\u63a5\u5f71\u54cd\u4e0b\u6e38\u5382\u5546\u7684\u6295\u8d44\u610f\u613f\u548c\u8bbe\u5907\u9700\u6c42\u3002<br/>\u4eba\u5f62\u673a\u5668\u4eba\u7684\u8f7b\u91cf\u5316\u7ade\u8d5b\u4e2d\uff0c\u9541\u5408\u91d1\u51ed\u501f\u5176\u5353\u8d8a\u7684\u6027\u80fd\u548c\u5b8c\u6574\u7684\u56fd\u4ea7\u5316\u4ea7\u4e1a\u94fe\uff0c\u6b63\u6210\u4e3a\u6781\u5177\u7ade\u4e89\u529b\u7684\u201c\u5e73\u6c11\u65b9\u6848\u201d\u3002\u4ee5\u4e0b\u662f\u516b\u5bb6\u6838\u5fc3\u9f99\u5934\u4f01\u4e1a\u7684\u8be6\u7ec6\u4ecb\u7ecd\uff1a<br/>\ud83c\udfed 1.  \u5b9d\u6b66\u9541\u4e1a\uff08002182\uff09<br/>\u5b83\u662f\u5168\u7403\u539f\u9541\u4e0e\u9541\u5408\u91d1\u4ea7\u80fd\u6700\u5927\u7684\u4f01\u4e1a\u4e4b\u4e00\uff0c\u89c4\u5212\u52302025\u5e74\u539f\u9541\u4ea7\u80fd\u8fbe50\u4e07\u5428\u3002\u5176\u81ea\u4e3b\u7814\u53d1\u7684\u9541\u94dd\u5408\u91d1\u6750\u6599\u6297\u62c9\u5f3a\u5ea6\u9ad8\u8fbe450MPa\uff0c\u80fd\u5f88\u597d\u9002\u914d\u673a\u5668\u4eba\u9ad8\u901f\u8fd0\u52a8\u9700\u6c42\u3002\u516c\u53f8\u4e0e\u57c3\u65af\u987f\u8054\u5408\u5f00\u53d1\u4e86\u9541\u5408\u91d1\u673a\u5668\u4ebaER4-550-MI\uff0c\u8be5\u4ea7\u54c1\u5df2\u8fdb\u5165\u91cf\u4ea7\u9636\u6bb5\uff0c\u6574\u673a\u51cf\u91cd11%\u3001\u80fd\u8017\u964d\u4f4e10%\u3002\u540c\u65f6\u4e5f\u662f\u7279\u65af\u62c9Cybertruck\u9541\u5408\u91d1\u65b9\u5411\u76d8\u548c\u540e\u5ea7\u6276\u624b\u67b6\u7684\u72ec\u5bb6\u4f9b\u5e94\u5546\uff0c\u5355\u673a\u4ef7\u503c\u91cf\u8d85800\u5143\u3002\u5de2\u6e56\u57fa\u57308\u4e07\u5428\u673a\u5668\u4eba\u4e13\u7528\u9541\u5408\u91d1\u4ea7\u7ebf\u9884\u8ba12025\u5e74\u6295\u4ea7\uff0c\u5176\u534a\u56fa\u6001\u538b\u94f8\u826f\u54c1\u7387\u8fbe98.7%\uff0c\u663e\u8457\u9ad8\u4e8e\u884c\u4e1a\u5747\u503c\u3002<br/>\ud83d\udd29 2.  \u661f\u6e90\u5353\u9541\uff08301398\uff09<br/>\u8fd9\u5bb6\u516c\u53f8\u4e13\u6ce8\u4e8e\u9541\u5408\u91d1\u7cbe\u5bc6\u538b\u94f8\u96f6\u90e8\u4ef6\uff0c\u638c\u63e1\u8d85\u8584\uff080.8mm\uff09\u7cbe\u5bc6\u538b\u94f8\u6280\u672f\uff0c\u4ea7\u54c1\u7cbe\u5ea6\u8fbe0.1mm\u3002\u5b83\u662f\u7279\u65af\u62c9\u5173\u8282\u8fde\u63a5\u76d8\u4f9b\u5e94\u5546\uff0c\u4ea7\u54c1\u8f83\u949b\u5408\u91d1\u80fd\u51cf\u91cd32%\u30022025\u5e74\u7b2c\u4e00\u5b63\u5ea6\uff0c\u5176\u7279\u65af\u62c9\u8ba2\u5355\u73af\u6bd4\u589e\u957f210%\uff0c\u4ea7\u80fd\u5229\u7528\u7387\u9ad8\u8fbe92%\u3002\u503c\u5f97\u6ce8\u610f\u7684\u662f\uff0c\u5b83\u662f\u7279\u65af\u62c9Optimus Gen3\u65cb\u8f6c\u5173\u8282\u58f3\u4f53\u7684\u72ec\u5bb6\u4f9b\u5e94\u5546\uff0c\u5355\u53f0\u673a\u5668\u4eba\u4ef7\u503c\u91cf\u8d852000\u5143\u3002\u8fd8\u4e0e\u5b89\u5fbd\u7075\u7280\u673a\u5668\u4eba\u7b7e\u7f72\u6218\u7565\u534f\u8bae\uff0c\u5171\u540c\u5f00\u53d1\u4eff\u751f\u819d\u5173\u8282\u6a21\u7ec4\uff0c\u9884\u8ba12026\u5e74\u91cf\u4ea7\u3002<br/>\u2697\ufe0f 3.  \u5b9c\u5b89\u79d1\u6280\uff08300328\uff09<br/>\u4f5c\u4e3a\u6db2\u6001\u91d1\u5c5e\u4e0e\u9541\u5408\u91d1\u53cc\u6280\u672f\u8def\u7ebf\u7684\u9886\u519b\u4f01\u4e1a\uff0c\u5b9c\u5b89\u79d1\u6280\u662f\u5168\u7403\u552f\u4e00\u5b9e\u73b0\u5927\u5c3a\u5bf8\u6db2\u6001\u91d1\u5c5e\u91cf\u4ea7\uff08\u516c\u5dee\u4ec50.02mm\uff09\u7684\u4f01\u4e1a\uff0c\u5e76\u62e5\u6709\u201c\u9541\u5408\u91d1+\u6db2\u6001\u91d1\u5c5e\u201d\u6df7\u5408\u6210\u578b\u6280\u672f\u7684\u4e13\u5229\u5e03\u5c40\uff0c\u5176\u5173\u8282\u90e8\u4ef6\u75b2\u52b3\u5bff\u547d\u8d85500\u4e07\u6b21\u30026100T\u9541\u5408\u91d1\u534a\u56fa\u6001\u538b\u94f8\u8bbe\u5907\u5df2\u4e8e2025\u5e748\u6708\u6295\u4ea7\uff0c\u5355\u73ed\u5e74\u4ea7\u53ef\u8fbe30\u4e07\u5957\u673a\u5668\u4eba\u5916\u58f3\u3002\u516c\u53f8\u7279\u65af\u62c9Optimus\u5173\u8282\u7535\u673a\u5916\u58f3\u9001\u6d4b\u5df2\u901a\u8fc7\uff0c\u91c7\u7528\u9541\u94dd+\u6db2\u6001\u91d1\u5c5e\u65b9\u6848\uff0c\u6210\u672c\u8f83\u7eaf\u94dd\u964d\u4f4e10%\u3002\u540c\u65f6\u4e5f\u662f\u4f18\u5fc5\u9009Walker X\u4eff\u751f\u624b\u6307\u9f7f\u8f6e\u7bb1\u7684\u72ec\u5bb6\u4f9b\u5e94\u5546\uff0c\u534f\u8bae\u671f3\u5e74\uff0c\u5355\u673a\u4ef7\u503c\u91cf\u8d851500\u5143\u3002<br/>\ud83d\udd27 4.  \u65ed\u5347\u96c6\u56e2\uff08603305\uff09<br/>\u65ed\u5347\u96c6\u56e2\u662f\u7279\u65af\u62c9\u4f9b\u5e94\u94fe\u7684\u6838\u5fc3\u4f01\u4e1a\uff0c\u5728\u9541\u94dd\u5408\u91d1\u5916\u58f3\u8f7b\u91cf\u5316\u6280\u672f\u65b9\u9762\u9886\u5148\uff0c\u4f5c\u4e3a\u7279\u65af\u62c9Optimus\u4eba\u5f62\u673a\u5668\u4eba\u6267\u884c\u5668\u3001\u5173\u8282\u90e8\u4ef6\u7684\u9541\u5408\u91d1\u58f3\u4f53\u6838\u5fc3\u4f9b\u5e94\u5546\uff0c\u5176\u63d0\u4f9b\u7684\u9541\u5408\u91d1\u65b9\u6848\u4f7f\u5355\u673a\u91cd\u91cf\u63a7\u5236\u57281\u516c\u65a4\u4ee5\u5185\uff0c\u8f83\u4f20\u7edf\u6750\u6599\u51cf\u91cd30%\uff0c\u5355\u53f0\u4ef7\u503c\u91cf\uff08ASP\uff09\u8fbe3000-5000\u5143\u3002\u516c\u53f8\u5df2\u4e0e\u591a\u5bb6\u6d77\u5185\u5916\u4eba\u5f62\u673a\u5668\u4eba\u5ba2\u6237\u8fbe\u6210\u5173\u8282\u58f3\u4f53\u3001\u8eaf\u5e72\u7ed3\u6784\u4ef6\u7b49\u4ea7\u54c1\u5408\u4f5c\uff0c\u5e76\u57282024\u5e74\u6210\u529f\u7814\u53d1\u4e86\u534a\u56fa\u6001\u6ce8\u5c04\u6210\u578b\u7684\u9541\u5408\u91d1\u7535\u673a\u58f3\u4f53\u3002<br/>\ud83e\udd16 5.  \u6c38\u8302\u6cf0\uff08605208\uff09<br/>\u6c38\u8302\u6cf0\u662f\u56fd\u5185\u673a\u5668\u4eba\u7ed3\u6784\u4ef6\u9886\u57df\u7684\u91cd\u8981\u4f01\u4e1a\uff0c\u5f00\u53d1\u4e86\u9541\u5408\u91d1\u8eaf\u5e72\u3001\u5173\u8282\u7b49\u7ed3\u6784\u4ef6\uff0c\u6297\u62c9\u5f3a\u5ea6\u8fbe350MPa\uff0c\u901a\u8fc7\u771f\u7a7a\u538b\u94f8\u5de5\u827a\u5b9e\u73b0\u4e00\u4f53\u6210\u578b\uff0c\u710a\u63a5\u70b9\u51cf\u5c1172%\u30022025\u5e74\u4e0a\u534a\u5e74\u516c\u53f8\u8425\u6536\u540c\u6bd4\u589e\u957f51.66%\uff0c\u673a\u5668\u4eba\u4e1a\u52a1\u5360\u6bd4\u63d0\u5347\u81f312%\u3002\u5df2\u83b7\u5f97\u56fd\u5185\u67d0\u5934\u90e8\u673a\u5668\u4eba\u4f01\u4e1a\u591a\u6b3e\u4ea7\u54c1\u8ba2\u5355\u5e76\u5b8c\u6210\u4ea4\u6837\uff0c\u5305\u62ec\u8eaf\u5e72\u3001\u4e0a\u4e0b\u80a2\u7b49\u6838\u5fc3\u90e8\u4ef6\uff0c\u9884\u8ba12025\u5e74\u4e0b\u534a\u5e74\u5f00\u59cb\u6279\u91cf\u4f9b\u8d27\u3002\u8fd8\u4e0e\u9ad8\u6821\u5408\u4f5c\u5f00\u53d1\u9541\u94dd\u5408\u91d1\u9acb\u5173\u8282\u6a21\u7ec4\uff0c\u8f83\u4f20\u7edf\u94a2\u5236\u90e8\u4ef6\u51cf\u91cd55%\uff0c\u76ee\u68072026\u5e74\u901a\u8fc7\u7279\u65af\u62c9\u9a8c\u8bc1\u3002<br/>\ud83d\ude97 6.  \u5e7f\u4e1c\u9e3f\u56fe\uff08002101\uff09<br/>\u5e7f\u4e1c\u9e3f\u56fe\u5df2\u5b9e\u73b0\u201c\u6c7d\u8f66\u8f7b\u91cf\u5316\u201d\u4e0e\u201c\u673a\u5668\u4eba\u8f7b\u91cf\u5316\u201d\u7684\u534f\u540c\u7a81\u7834\uff0c\u91cd\u70b9\u653b\u575a\u4eba\u5f62\u673a\u5668\u4eba\u5173\u8282\u3001\u5e95\u76d8\u3001\u7535\u673a\u5916\u58f3\u7b49\u90e8\u4ef6\u3002\u5176\u5728\u8d85\u5927\u578b\u4e00\u4f53\u5316\u538b\u94f8\u9886\u57df\u7684\u6280\u672f\u79ef\u7d2f\uff0c\u4e3a\u751f\u4ea7\u673a\u5668\u4eba\u5927\u578b\u590d\u6742\u7ed3\u6784\u4ef6\u5960\u5b9a\u4e86\u57fa\u7840\u3002<br/>\u2699\ufe0f 7.  \u7acb\u4e2d\u96c6\u56e2\uff08300428\uff09<br/>\u7acb\u4e2d\u96c6\u56e2\u5f00\u53d1\u4e86\u9ad8\u5f3a\u9ad8\u5c48\u670d\u514d\u70ed\u5904\u7406\u7684\u538b\u94f8\u9541\u94dd\u5408\u91d1\uff0c\u5c48\u670d\u5f3a\u5ea6\u9ad8\u8fbe580MPa\uff0c\u80fd\u5f88\u597d\u9002\u914d\u673a\u5668\u4eba\u5173\u8282\u7b49\u9ad8\u8f7d\u8377\u90e8\u4ef6\u3002\u8be5\u6750\u6599\u5df2\u5411\u5317\u6b27\u4eba\u5f62\u673a\u5668\u4eba\u516c\u53f8\u9001\u6837\uff0c\u7528\u4e8e\u80ef\u5173\u8282\u8fde\u63a5\u76d8\u3002\u516c\u53f8\u4e5f\u662f\u5c0f\u7c73\u673a\u5668\u4eba\u5173\u8282\u5957\u4ef6\u7684\u4f9b\u5e94\u5546\uff0c\u5e76\u8ba1\u5212\u57282025\u5e74\u5b9e\u73b0\u4ea7\u80fd\u7ffb\u500d\u3002<br/>\u2708\ufe0f 8.  \u4e07\u4e30\u5965\u5a01\uff08002085\uff09<br/>\u4e07\u4e30\u5965\u5a01\u6df1\u8015\u9541\u5408\u91d1\u6c7d\u8f66\u8f7b\u91cf\u5316\u90e8\u4ef6\uff0c\u5e76\u5c06\u5176\u6280\u672f\u4f18\u52bf\u62d3\u5c55\u81f3\u673a\u5668\u4eba\u9886\u57df\u3002\u5176\u9541\u5408\u91d1\u6563\u70ed\u548c\u51cf\u9707\u6027\u80fd\u9002\u914d\u673a\u5668\u4eba\u5173\u8282\u7a33\u5b9a\u6027\u9700\u6c42\u3002\u516c\u53f8\u662f\u7279\u65af\u62c9\u7684\u4f9b\u5e94\u5546\uff0c\u9541\u5408\u91d1\u8f6e\u6bc2\u652f\u67b6\u76ee\u524d\u6b63\u5904\u4e8eB\u6837\u6d4b\u8bd5\u9636\u6bb5\u3002<br/>\ud83d\udc8e \u6838\u5fc3\u4f18\u52bf\u4e0e\u9009\u62e9\u8003\u91cf<br/>\u9541\u5408\u91d1\u4e4b\u6240\u4ee5\u80fd\u5728\u4eba\u5f62\u673a\u5668\u4eba\u8f7b\u91cf\u5316\u6750\u6599\u4e2d\u83b7\u5f97\u9752\u7750\uff0c\u4e3b\u8981\u5f97\u76ca\u4e8e\u5176\u5bc6\u5ea6\u6781\u4f4e\uff08\u4ec5\u4e3a\u94dd\u76842/3\u3001\u94a2\u76841/4\uff09\u3001\u6bd4\u5f3a\u5ea6\u9ad8\u3001\u5177\u5907\u4f18\u5f02\u7684\u51cf\u9707\u6027\u548c\u6563\u70ed\u6027\uff0c\u5e76\u4e14\u968f\u7740\u5927\u89c4\u6a21\u751f\u4ea7\uff0c\u6210\u672c\u4f18\u52bf\u76f8\u6bd4PEEK\u7b49\u9ad8\u7aef\u5de5\u7a0b\u5851\u6599\u6108\u53d1\u660e\u663e\uff08\u4ef7\u683c\u4ec5\u4e3aPEEK\u7684\u7ea61/10\uff09\u3002<br/>\u7136\u800c\uff0c\u6295\u8d44\u6b64\u7c7b\u4f01\u4e1a\u4e5f\u9700\u6ce8\u610f\uff1a\u6280\u672f\u8def\u7ebf\u53d8\u66f4\u98ce\u9669\uff08\u5982\u672a\u6765\u6709\u66f4\u4f18\u6750\u6599\u51fa\u73b0\uff09\u3001\u884c\u4e1a\u7ade\u4e89\u52a0\u5267\u4ee5\u53ca\u4e0b\u6e38\u673a\u5668\u4eba\u91cf\u4ea7\u8fdb\u5ea6\u4e0d\u53ca\u9884\u671f\u7b49\u56e0\u7d20\u90fd\u53ef\u80fd\u5f71\u54cd\u516c\u53f8\u4e1a\u7ee9\u3002<br/>\u6700\u7ec8\u662f\u9009\u62e9\u201c\u8d35\u65cf\u6750\u6599\u201dPEEK\u8fd8\u662f\u201c\u5e73\u6c11\u65b9\u6848\u201d\u9541\u5408\u91d1\uff0c\u6216\u8bb8\u5e76\u975e\u7b80\u5355\u7684\u4e8c\u9009\u4e00\uff0c\u66f4\u53ef\u80fd\u662f\u5728\u673a\u5668\u4eba\u4e0d\u540c\u90e8\u4f4d\u3001\u6839\u636e\u4e0d\u540c\u6027\u80fd\u8981\u6c42\u548c\u6210\u672c\u8003\u91cf\u4e0b\u7684\u6df7\u5408\u5e94\u7528\u4e0e\u52a8\u6001\u5e73\u8861\u3002<br/>\u5e0c\u671b\u5bf9\u60a8\u6709\u6240\u5e2e\u52a9\uff01", "timeBefore": "\u4eca\u5929 10:57", "title": "", "trackJson": "{\"fav_count\":5,\"created_at\":1758337077000,\"reply_count\":4,\"client_name\":\"Android\",\"retweet_count\":0,\"reward_count\":0}", "truncated": false, "truncated_by": 0, "type": "2", "user": {"allow_all_stock": false, "block_status": 0, "blocking": false, "city": "\u676d\u5dde", "common_count": 0, "description": "\u65e0\u82b1\u4e4b\u82e6\u679c", "donate_count": 0, "follow_me": false, "followers_count": 1468, "following": false, "fortuneUser": false, "friends_count": 441, "gender": "m", "id": 2996125879, "last_comment_id": 378336103, "last_status_id": 353609590, "photo_domain": "http://xavatar.imedao.com/", "profile": "/2996125879", "profile_image_url": "community/201910/1573288021270-1573288021416.jpg,community/201910/1573288021270-1573288021416.jpg!180x180.png,community/201910/1573288021270-1573288021416.jpg!50x50.png,community/201910/1573288021270-1573288021416.jpg!30x30.png", "province": "\u6d59\u6c5f", "screen_name": "\u65e0\u82b1\u679c\u9648\u96bd", "st_color": "1", "status": 2, "status_count": 765, "step": "null", "subscribeable": false, "type": "1", "user": {"allow_all_stock": false, "anonymous": false, "areaCode": "86", "blocking": false, "city": "\u676d\u5dde", "created_at": 1573287947684, "description": "\u65e0\u82b1\u4e4b\u82e6\u679c", "donate_count": 0, "donate_snowcoin": 0, "follow_me": false, "followers_count": 1468, "following": false, "friends_count": 441, "gender": "m", "id": 2996125879, "last_comment_id": 378336103, "last_status_id": 353609590, "photo_domain": "http://xavatar.imedao.com/", "profile": "/2996125879", "profile_image_url": "community/201910/1573288021270-1573288021416.jpg,community/201910/1573288021270-1573288021416.jpg!180x180.png,community/201910/1573288021270-1573288021416.jpg!50x50.png,community/201910/1573288021270-1573288021416.jpg!30x30.png", "province": "\u6d59\u6c5f", "screen_name": "\u65e0\u82b1\u679c\u9648\u96bd", "st_color": "1", "status": 2, "status_count": 765, "step": "null", "truncated": false, "type": "1", "verified": false, "verified_description": "", "verified_type": 0}, "verified": false, "verified_description": "", "verified_realname": false, "verified_type": 0}, "user_id": 2996125879, "view_count": 3994}, "reward_count": 0, "reward_user_count": 0, "rqid": 0, "source": "Android", "source_feed": false, "source_link": "http://xueqiu.com/about/mobile-xueqiu", "target": "/8629239561/353615970", "text": "\u7279\u65af\u7279\u65af\u62c9\u90a3\u4e2a\u51cf\u91cd\uff0c11kg\uff0c\u7528\u7684\u4e5f\u662f\u94dd\u9541\u5408\u91d1\uff0cAm60a,\u4ed6\u6839\u672c\u5c31\u4e00\u4e01\u70b9peek\u90fd\u6ca1\u6709,\u8bf4\u53e5\u4e0d\u597d\u542c\u7684\uff0cpeek\u5c31\u662f\u5728\u90a3\u513f\u610f\u6deb,\u82f1\u56fd\u4f6c\u7814\u7a76\u90a3\u73a9\u610f\u513f20\u591a\u5e74\u4e86,\u6210\u672c\u964d\u4e86\u5417\uff1f\u4e00\u4e01\u70b9\u6ca1\u964d", "timeBefore": "\u4eca\u5929 12:23", "title": "", "trackJson": "{\"fav_count\":0,\"created_at\":1758342232000,\"reply_count\":1,\"client_name\":\"Android\",\"retweet_count\":0,\"reward_count\":0}", "truncated": false, "truncated_by": 0, "type": "", "user": {"allow_all_stock": false, "block_status": 0, "blocking": false, "city": "", "common_count": 0, "description": "", "donate_count": 0, "follow_me": false, "followers_count": 0, "following": false, "fortuneUser": false, "friends_count": 12, "id": 8629239561, "last_comment_id": 378349078, "last_status_id": 353615970, "photo_domain": "http://xavatar.imedao.com/", "profile": "/8629239561", "profile_image_url": "community/202310/1699236416866-1699236417091.png,community/202310/1699236416866-1699236417091.png!180x180.png,community/202310/1699236416866-1699236417091.png!50x50.png,community/202310/1699236416866-1699236417091.png!30x30.png", "screen_name": "ivanyinhang", "st_color": "1", "status": 0, "status_count": 5, "step": "null", "subscribeable": false, "type": "1", "user": {"allow_all_stock": false, "anonymous": false, "areaCode": "86", "blocking": false, "city": "", "created_at": 1422468501679, "description": "", "donate_count": 0, "donate_snowcoin": 0, "follow_me": false, "followers_count": 0, "following": false, "friends_count": 12, "id": 8629239561, "last_comment_id": 378349078, "last_status_id": 353615970, "photo_domain": "http://xavatar.imedao.com/", "profile": "/8629239561", "profile_image_url": "community/202310/1699236416866-1699236417091.png,community/202310/1699236416866-1699236417091.png!180x180.png,community/202310/1699236416866-1699236417091.png!50x50.png,community/202310/1699236416866-1699236417091.png!30x30.png", "screen_name": "ivanyinhang", "st_color": "1", "status": 0, "status_count": 5, "step": "null", "truncated": false, "type": "1", "verified": false, "verified_description": "", "verified_type": 0}, "verified": false, "verified_description": "", "verified_realname": false, "verified_type": 0}, "user_id": 8629239561, "view_count": 1154}, {"blocked": false, "blocking": false, "canEdit": true, "commentId": 0, "controversial": false, "created_at": 1758342187000, "description": "\u7279\u7c89\u7ecf\u5e38\u628a\u7279\u65af\u62c9\u548c\u82f9\u679c\u7c7b\u6bd4\uff0c\u662f\u4e3a\u4e86\u7ed9\u7279\u65af\u62c9\u201c\u52a0\u6743\u201d\uff0c\u8ba9\u5b83\u4e0d\u4ec5\u662f\u8f66\u4f01\uff0c\u800c\u662f\u672a\u6765\u79d1\u6280\u516c\u53f8\u3002\u7279\u65af\u62c9\u5230\u73b0\u5728\u4e3a\u6b62\uff0c\u8fd8\u6ca1\u6709\u4e00\u6b3e\u50cf iPhone \u90a3\u6837\u201c\u4e0d\u53ef\u66ff\u4ee3\u3001\u6539\u5199\u751f\u6d3b\u65b9\u5f0f\u3001\u91cd\u6784\u4ea7\u4e1a\u751f\u6001\u201d\u7684\u8de8\u65f6\u4ee3\u4ea7\u54c1\u3002\u7535\u52a8\u8f66\u7684\u91cd\u8981\u6027\u8fdc\u8fdc\u5c0f\u4e8e\u667a\u80fd\u624b\u673a\u3002", "donate_count": 0, "donate_snowcoin": 0, "editable": true, "expend": false, "fav_count": 0, "favorited": false, "flags": 36030033969545216, "hot": false, "id": 353615921, "is_answer": false, "is_bonus": false, "is_refused": false, "is_reward": false, "is_ss_multi_pic": false, "legal_user_visible": false, "like_count": 1, "liked": false, "mark": 0, "pic": "", "promotion_id": 0, "reply_count": 2, "retweet_count": 0, "retweet_status_id": 0, "reward_count": 0, "reward_user_count": 0, "rqid": 0, "source": "iPhone", "source_feed": false, "source_link": "http://xueqiu.com/about/mobile-xueqiu", "target": "/1792494822/353615921", "text": "\u7279\u7c89\u7ecf\u5e38\u628a\u7279\u65af\u62c9\u548c\u82f9\u679c\u7c7b\u6bd4\uff0c\u662f\u4e3a\u4e86\u7ed9\u7279\u65af\u62c9\u201c\u52a0\u6743\u201d\uff0c\u8ba9\u5b83\u4e0d\u4ec5\u662f\u8f66\u4f01\uff0c\u800c\u662f\u672a\u6765\u79d1\u6280\u516c\u53f8\u3002\u7279\u65af\u62c9\u5230\u73b0\u5728\u4e3a\u6b62\uff0c\u8fd8\u6ca1\u6709\u4e00\u6b3e\u50cf iPhone \u90a3\u6837\u201c\u4e0d\u53ef\u66ff\u4ee3\u3001\u6539\u5199\u751f\u6d3b\u65b9\u5f0f\u3001\u91cd\u6784\u4ea7\u4e1a\u751f\u6001\u201d\u7684\u8de8\u65f6\u4ee3\u4ea7\u54c1\u3002\u7535\u52a8\u8f66\u7684\u91cd\u8981\u6027\u8fdc\u8fdc\u5c0f\u4e8e\u667a\u80fd\u624b\u673a\u3002", "timeBefore": "\u4eca\u5929 12:23", "title": "", "trackJson": "{\"fav_count\":0,\"created_at\":1758342187000,\"reply_count\":2,\"client_name\":\"iPhone\",\"retweet_count\":0,\"reward_count\":0}", "truncated": false, "truncated_by": 0, "type": "0", "user": {"allow_all_stock": false, "block_status": 0, "blocking": false, "city": "\u82cf\u5dde", "common_count": 0, "description": "", "donate_count": 0, "follow_me": false, "followers_count": 1, "following": false, "fortuneUser": false, "friends_count": 58, "gender": "m", "id": 1792494822, "last_comment_id": 378060807, "last_status_id": 353615921, "photo_domain": "http://xavatar.imedao.com/", "profile": "/1792494822", "profile_image_url": "community/202310/1699236081998-1699236082177.png,community/202310/1699236081998-1699236082177.png!180x180.png,community/202310/1699236081998-1699236082177.png!50x50.png,community/202310/1699236081998-1699236082177.png!30x30.png", "province": "\u6c5f\u82cf", "screen_name": "\u5361\u7eb3\u83b1\u65af", "st_color": "1", "status": 0, "status_count": 16, "step": "two", "subscribeable": false, "type": "1", "user": {"allow_all_stock": false, "anonymous": false, "areaCode": "86", "blocking": false, "city": "\u82cf\u5dde", "created_at": 1517234125772, "description": "", "donate_count": 0, "donate_snowcoin": 0, "follow_me": false, "followers_count": 1, "following": false, "friends_count": 58, "gender": "m", "id": 1792494822, "last_comment_id": 378060807, "last_status_id": 353615921, "photo_domain": "http://xavatar.imedao.com/", "profile": "/1792494822", "profile_image_url": "community/202310/1699236081998-1699236082177.png,community/202310/1699236081998-1699236082177.png!180x180.png,community/202310/1699236081998-1699236082177.png!50x50.png,community/202310/1699236081998-1699236082177.png!30x30.png", "province": "\u6c5f\u82cf", "screen_name": "\u5361\u7eb3\u83b1\u65af", "st_color": "1", "status": 0, "status_count": 16, "step": "two", "truncated": false, "type": "1", "verified": false, "verified_description": "", "verified_type": 0}, "verified": false, "verified_description": "", "verified_realname": false, "verified_type": 0}, "user_id": 1792494822, "view_count": 1156}, {"blocked": false, "blocking": false, "canEdit": false, "commentId": 378352029, "controversial": false, "created_at": 1758344934000, "description": "\u56de\u590d<a href=\"https://xueqiu.com/n/\u90a3\u6674\" target=\"_blank\">@\u90a3\u6674</a>: \u6211\u4e5f\u8fd9\u4e48\u89c9\u5f97\uff0c\u53bb\u54ea\u627e\u5341\u5757\u94b1\u7684\u7279\u65af\u62c9\u673a\u5668\u4eba\u8f74\u627f\u4f9b\u5e94\u5546\u554a//<a href=\"https://xueqiu.com/n/\u90a3\u6674\" target=\"_blank\">@\u90a3\u6674</a>:\u56de\u590d<a href=\"https://xueqiu.com/n/\u786c\u62c9\u4e0d\u7528\u62a4\u5177\" target=\"_blank\">@\u786c\u62c9\u4e0d\u7528\u62a4\u5177</a>:\u90a3\u90fd\u662f\u672a\u6765\u7684\u8bdd\u4e86\uff0c\u8d70\u4e00\u6b65\u770b\u4e00\u6b65\uff0c\u73b0\u5728\u4e0d\u6562\u60f3\u4e00\u5e74\u540e\u7684\u4e8b\u3002\u611f\u89c9\u4e00\u5e74\u540e\u4f1a\u89c9\u5f97\u73b0\u5728\u592a\u4fbf\u5b9c\u4e86", "donate_count": 0, "donate_snowcoin": 0, "editable": false, "expend": false, "fav_count": 0, "favorited": false, "flags": 1236950581248, "hot": false, "id": 353618650, "is_answer": false, "is_bonus": false, "is_refused": false, "is_reward": false, "is_ss_multi_pic": false, "legal_user_visible": false, "like_count": 0, "liked": false, "mark": 0, "pic": "", "promotion_id": 0, "reply_count": 0, "retweet_count": 0, "retweet_status_id": 353553832, "retweeted_status": {"blocked": false, "blocking": false, "canEdit": true, "commentId": 0, "controversial": false, "created_at": 1758278783000, "description": "<a href=\"https://xueqiu.com/S/SZ000559\" target=\"_blank\">$\u4e07\u5411\u94b1\u6f6e(SZ000559)$</a> \u9f99\u864e\u699c\u4e0a\u6bdb\u8001\u677f\u8fd8\u6ca1\u8dd1\u5b8c\u3002<br/>\u8bb0\u4f4f\u6e38\u8d44\u673a\u6784\u53ea\u60f3\u8ba9\u4f60\u770b\u5230\u4ed6\u4eec\u60f3\u8ba9\u4f60\u770b\u5230\u7684\u4e1c\u897f\uff0c\u4f60\u4ee5\u4e3a\u4eba\u5bb6\u6210\u672c\u662f11.52\uff1f", "donate_count": 0, "donate_snowcoin": 0, "editable": true, "expend": false, "fav_count": 0, "favorited": false, "flags": 36030033969545216, "hot": false, "id": 353553832, "is_answer": false, "is_bonus": false, "is_refused": false, "is_reward": false, "is_ss_multi_pic": false, "legal_user_visible": false, "like_count": 0, "liked": false, "mark": 0, "pic": "", "promotion_id": 0, "reply_count": 12, "retweet_count": 0, "retweet_status_id": 0, "reward_count": 0, "reward_user_count": 0, "rqid": 0, "source": "Android", "source_feed": false, "source_link": "http://xueqiu.com/about/mobile-xueqiu", "target": "/6098939669/353553832", "text": "<a href=\"https://xueqiu.com/S/SZ000559\" target=\"_blank\">$\u4e07\u5411\u94b1\u6f6e(SZ000559)$</a> \u9f99\u864e\u699c\u4e0a\u6bdb\u8001\u677f\u8fd8\u6ca1\u8dd1\u5b8c\u3002<br/>\u8bb0\u4f4f\u6e38\u8d44\u673a\u6784\u53ea\u60f3\u8ba9\u4f60\u770b\u5230\u4ed6\u4eec\u60f3\u8ba9\u4f60\u770b\u5230\u7684\u4e1c\u897f\uff0c\u4f60\u4ee5\u4e3a\u4eba\u5bb6\u6210\u672c\u662f11.52\uff1f", "timeBefore": "09-19 18:46", "title": "", "trackJson": "{\"fav_count\":0,\"created_at\":1758278783000,\"reply_count\":12,\"client_name\":\"Android\",\"retweet_count\":0,\"reward_count\":0}", "truncated": false, "truncated_by": 0, "type": "0", "user": {"allow_all_stock": false, "block_status": 0, "blocking": false, "city": "", "common_count": 0, "description": "", "donate_count": 0, "follow_me": false, "followers_count": 8, "following": false, "fortuneUser": false, "friends_count": 24, "id": 6098939669, "last_comment_id": 378294197, "last_status_id": 353553832, "photo_domain": "http://xavatar.imedao.com/", "profile": "/6098939669", "profile_image_url": "community/20172/1488981044799-1488981045902.jpg,community/20172/1488981044799-1488981045902.jpg!180x180.png,community/20172/1488981044799-1488981045902.jpg!50x50.png,community/20172/1488981044799-1488981045902.jpg!30x30.png", "screen_name": "\u5f20\u70af\u56e7", "st_color": "1", "status": 2, "status_count": 125, "step": "null", "subscribeable": false, "type": "1", "user": {"allow_all_stock": false, "anonymous": false, "areaCode": "86", "blocking": false, "city": "", "created_at": 1488927564462, "description": "", "donate_count": 0, "donate_snowcoin": 0, "follow_me": false, "followers_count": 8, "following": false, "friends_count": 24, "id": 6098939669, "last_comment_id": 378294197, "last_status_id": 353553832, "photo_domain": "http://xavatar.imedao.com/", "profile": "/6098939669", "profile_image_url": "community/20172/1488981044799-1488981045902.jpg,community/20172/1488981044799-1488981045902.jpg!180x180.png,community/20172/1488981044799-1488981045902.jpg!50x50.png,community/20172/1488981044799-1488981045902.jpg!30x30.png", "screen_name": "\u5f20\u70af\u56e7", "st_color": "1", "status": 2, "status_count": 125, "step": "null", "truncated": false, "type": "1", "verified": false, "verified_description": "", "verified_type": 0}, "verified": false, "verified_description": "", "verified_realname": false, "verified_type": 0}, "user_id": 6098939669, "view_count": 6786}, "reward_count": 0, "reward_user_count": 0, "rqid": 0, "source": "iPhone", "source_feed": false, "source_link": "http://xueqiu.com/about/mobile-xueqiu", "target": "/4970998800/353618650", "text": "\u56de\u590d<a href=\"https://xueqiu.com/n/\u90a3\u6674\" target=\"_blank\">@\u90a3\u6674</a>: \u6211\u4e5f\u8fd9\u4e48\u89c9\u5f97\uff0c\u53bb\u54ea\u627e\u5341\u5757\u94b1\u7684\u7279\u65af\u62c9\u673a\u5668\u4eba\u8f74\u627f\u4f9b\u5e94\u5546\u554a//<a href=\"https://xueqiu.com/n/\u90a3\u6674\" target=\"_blank\">@\u90a3\u6674</a>:\u56de\u590d<a href=\"https://xueqiu.com/n/\u786c\u62c9\u4e0d\u7528\u62a4\u5177\" target=\"_blank\">@\u786c\u62c9\u4e0d\u7528\u62a4\u5177</a>:\u90a3\u90fd\u662f\u672a\u6765\u7684\u8bdd\u4e86\uff0c\u8d70\u4e00\u6b65\u770b\u4e00\u6b65\uff0c\u73b0\u5728\u4e0d\u6562\u60f3\u4e00\u5e74\u540e\u7684\u4e8b\u3002\u611f\u89c9\u4e00\u5e74\u540e\u4f1a\u89c9\u5f97\u73b0\u5728\u592a\u4fbf\u5b9c\u4e86", "timeBefore": "\u4eca\u5929 13:08", "title": "", "trackJson": "{\"fav_count\":0,\"created_at\":1758344934000,\"reply_count\":0,\"client_name\":\"iPhone\",\"retweet_count\":0,\"reward_count\":0}", "truncated": false, "truncated_by": 0, "type": "", "user": {"allow_all_stock": false, "block_status": 0, "blocking": false, "city": "", "common_count": 0, "description": "", "donate_count": 0, "follow_me": false, "followers_count": 8, "following": false, "fortuneUser": false, "friends_count": 72, "gender": "n", "id": 4970998800, "last_comment_id": 378352029, "last_status_id": 353618650, "photo_domain": "http://xavatar.imedao.com/", "profile": "/4970998800", "profile_image_url": "community/20218/1630751172309-1630751172533.jpg,community/20218/1630751172309-1630751172533.jpg!180x180.png,community/20218/1630751172309-1630751172533.jpg!50x50.png,community/20218/1630751172309-1630751172533.jpg!30x30.png", "province": "", "screen_name": "\u786c\u62c9\u4e0d\u7528\u62a4\u5177", "st_color": "1", "status": 0, "status_count": 60, "step": "null", "subscribeable": false, "type": "1", "user": {"allow_all_stock": false, "anonymous": false, "areaCode": "86", "blocking": false, "city": "", "created_at": 1621897216005, "description": "", "donate_count": 0, "donate_snowcoin": 0, "follow_me": false, "followers_count": 8, "following": false, "friends_count": 72, "gender": "n", "id": 4970998800, "last_comment_id": 378352029, "last_status_id": 353618650, "photo_domain": "http://xavatar.imedao.com/", "profile": "/4970998800", "profile_image_url": "community/20218/1630751172309-1630751172533.jpg,community/20218/1630751172309-1630751172533.jpg!180x180.png,community/20218/1630751172309-1630751172533.jpg!50x50.png,community/20218/1630751172309-1630751172533.jpg!30x30.png", "province": "", "screen_name": "\u786c\u62c9\u4e0d\u7528\u62a4\u5177", "st_color": "1", "status": 0, "status_count": 60, "step": "null", "truncated": false, "type": "1", "verified": false, "verified_description": "", "verified_type": 0}, "verified": false, "verified_description": "", "verified_realname": false, "verified_type": 0}, "user_id": 4970998800, "view_count": 842}, {"blocked": false, "blocking": false, "canEdit": false, "commentId": 378348493, "controversial": false, "created_at": 1758341774000, "description": "\u56de\u590d<a href=\"https://xueqiu.com/n/\u4e00\u624b\u5929\u5d29\" target=\"_blank\">@\u4e00\u624b\u5929\u5d29</a>: \u4e0d\u7ba1\u4f60\u500d\u4e0e\u4e0d\u4fe1\uff0c\u673a\u5668\u4eba\u8fd8\u5f97\u770b\u7279\u65af\u62c9<img src=\"https://assets.imedao.com/ugc/images/face/emoji_33_face.png?v=1\" title=\"[\u6342\u8138]\" alt=\"[\u6342\u8138]\" height=\"24\" />//<a href=\"https://xueqiu.com/n/\u4e00\u624b\u5929\u5d29\" target=\"_blank\">@\u4e00\u624b\u5929\u5d29</a>:\u56de\u590d<a href=\"https://xueqiu.com/n/\u58f9\u624b\u5272\" target=\"_blank\">@\u58f9\u624b\u5272</a>:\u6ca1\u4e00\u4e2a\u673a\u5668\u4eba\u5168\u662f\u6c7d\u8f66\u96f6\u90e8\u4ef6", "donate_count": 0, "donate_snowcoin": 0, "editable": false, "expend": false, "fav_count": 0, "favorited": false, "flags": 1236950581248, "hot": false, "id": 353615480, "is_answer": false, "is_bonus": false, "is_refused": false, "is_reward": false, "is_ss_multi_pic": false, "legal_user_visible": false, "like_count": 0, "liked": false, "mark": 0, "pic": "", "promotion_id": 0, "reply_count": 1, "retweet_count": 0, "retweet_status_id": 353602745, "retweeted_status": {"blocked": false, "blocking": false, "canEdit": true, "commentId": 0, "controversial": false, "created_at": 1758331751000, "description": "\u4e0a\u4e00\u8f6e\u65b0\u80fd\u6e90\u82af\u7247\u534a\u5bfc\u4f53\u884c\u60c5\uff0c\u51fa\u73b0\u4e86\u5927\u6279\u91cf\u76845\u500d10\u500d\u80a1\u3002\uff08\u5982\u5929\u9f50\u9502\u4e1a\uff0c\u8d63\u950b\u9502\u4e1a\uff0c\u5b81\u5fb7\u65f6\u4ee3\uff0c\u5146\u6613\u521b\u65b0\uff0c\u8c6a\u5a01\u96c6\u56e2\uff0c\u5317\u65b9\u534e\u521b\u7b49\uff09<br/>\u672a\u6765\u6700\u53ef\u80fd\u51fa\u73b05\u500d\u300110\u500d\u80a1\u7684\u9886\u57df\uff0c\u901a\u5e38\u5177\u6709\u884c\u4e1a\u589e\u957f\u7a7a\u95f4\u5927\u3001\u653f\u7b56\u652f\u6301\u529b\u5ea6\u5f3a\u3001\u6280\u672f\u521b\u65b0\u6f5c\u529b\u5927\u7b49\u7279\u70b9\u3002\uff08\u4e5f\u5c31\u4ece0\u52301\u7684\u8fc7\u7a0b\uff09<br/>\u9996\u5f53\u5176\u51b2\u80af\u5b9a\u662f\u4eba\u5de5\u667a\u80fd\u7248\u5757(\u4f46\u662f...", "donate_count": 0, "donate_snowcoin": 0, "editable": true, "expend": true, "fav_count": 12, "favorited": false, "flags": 36030033969545216, "hot": false, "id": 353602745, "is_answer": false, "is_bonus": false, "is_refused": false, "is_reward": false, "is_ss_multi_pic": false, "legal_user_visible": false, "like_count": 11, "liked": false, "mark": 0, "pic": "", "promotion_id": 0, "reply_count": 50, "retweet_count": 0, "retweet_status_id": 0, "reward_count": 0, "reward_user_count": 0, "rqid": 0, "source": "iPhone", "source_feed": false, "source_link": "http://xueqiu.com/about/mobile-xueqiu", "target": "/9448659612/353602745", "text": "\u4e0a\u4e00\u8f6e\u65b0\u80fd\u6e90\u82af\u7247\u534a\u5bfc\u4f53\u884c\u60c5\uff0c\u51fa\u73b0\u4e86\u5927\u6279\u91cf\u76845\u500d10\u500d\u80a1\u3002\uff08\u5982\u5929\u9f50\u9502\u4e1a\uff0c\u8d63\u950b\u9502\u4e1a\uff0c\u5b81\u5fb7\u65f6\u4ee3\uff0c\u5146\u6613\u521b\u65b0\uff0c\u8c6a\u5a01\u96c6\u56e2\uff0c\u5317\u65b9\u534e\u521b\u7b49\uff09<br/>\u672a\u6765\u6700\u53ef\u80fd\u51fa\u73b05\u500d\u300110\u500d\u80a1\u7684\u9886\u57df\uff0c\u901a\u5e38\u5177\u6709\u884c\u4e1a\u589e\u957f\u7a7a\u95f4\u5927\u3001\u653f\u7b56\u652f\u6301\u529b\u5ea6\u5f3a\u3001\u6280\u672f\u521b\u65b0\u6f5c\u529b\u5927\u7b49\u7279\u70b9\u3002\uff08\u4e5f\u5c31\u4ece0\u52301\u7684\u8fc7\u7a0b\uff09<br/>\u9996\u5f53\u5176\u51b2\u80af\u5b9a\u662f\u4eba\u5de5\u667a\u80fd\u7248\u5757(\u4f46\u662f\u8fd9\u4e00\u8f6e\u5df2\u7ecf\u51fa\u73b0\u4e86\u6613\u4e2d\u5929\u80dc\uff0c\u7eaa\u8fde\u6d77\u7b49\uff09\uff0c\u90a3\u4e48\u5176\u6b21\u5f88\u5927\u53ef\u80fd\u662f\u673a\u5668\u4eba\u9886\u57df\uff01<br/>\u4e0d\u4f1a\u662f\u4ec0\u4e48\u56fa\u6001\u7535\u6c60\uff0c\u50a8\u80fd\uff0c\u534a\u5bfc\u4f53\uff0c\u82af\u7247\u7b49\uff0c\u8fd9\u4e9b\u90fd\u662f\u7092\u51b7\u996d\uff08\u53ea\u662f\u65b0\u80fd\u6e90\u7b49\u53e0\u4ee3\u66f4\u65b0\u800c\u5df2\uff09<br/>\u8fc7\u7a0b\u4e0d\u4f1a\u4e00\u8e74\u800c\u5c31\uff0c\u4e2d\u95f4\u80af\u5b9a\u4f1a\u5f88\u66f2\u6298\uff0c\u5c31\u770b\u4f60\u80fd\u4e0d\u80fd\u62ff\u5f97\u4f4f\uff01<br/><a href=\"https://xueqiu.com/S/SZ002050\" target=\"_blank\">$\u4e09\u82b1\u667a\u63a7(SZ002050)$</a> <a href=\"https://xueqiu.com/S/SH600699\" target=\"_blank\">$\u5747\u80dc\u7535\u5b50(SH600699)$</a> <a href=\"https://xueqiu.com/S/SH601689\" target=\"_blank\">$\u62d3\u666e\u96c6\u56e2(SH601689)$</a>", "timeBefore": "\u4eca\u5929 09:29", "title": "", "trackJson": "{\"fav_count\":12,\"created_at\":1758331751000,\"reply_count\":50,\"client_name\":\"iPhone\",\"retweet_count\":0,\"reward_count\":0}", "truncated": false, "truncated_by": 0, "type": "2", "user": {"allow_all_stock": false, "block_status": 0, "blocking": false, "city": "", "common_count": 0, "description": "", "donate_count": 0, "follow_me": false, "followers_count": 99, "following": false, "fortuneUser": false, "friends_count": 84, "gender": "n", "id": 9448659612, "last_comment_id": 378351557, "last_status_id": 353618202, "photo_domain": "http://xavatar.imedao.com/", "profile": "/9448659612", "profile_image_url": "community/202310/1699236277563-1699236277693.png,community/202310/1699236277563-1699236277693.png!180x180.png,community/202310/1699236277563-1699236277693.png!50x50.png,community/202310/1699236277563-1699236277693.png!30x30.png", "province": "", "screen_name": "\u58f9\u624b\u5272", "st_color": "1", "status": 0, "status_count": 779, "step": "null", "subscribeable": false, "type": "1", "user": {"ability": "\u4e09\u5229\u8c31", "allow_all_stock": false, "anonymous": false, "areaCode": "86", "blocking": false, "city": "", "created_at": 1463066560534, "description": "", "donate_count": 0, "donate_snowcoin": 0, "follow_me": false, "followers_count": 99, "following": false, "friends_count": 84, "gender": "n", "id": 9448659612, "last_comment_id": 378351557, "last_status_id": 353618202, "photo_domain": "http://xavatar.imedao.com/", "profile": "/9448659612", "profile_image_url": "community/202310/1699236277563-1699236277693.png,community/202310/1699236277563-1699236277693.png!180x180.png,community/202310/1699236277563-1699236277693.png!50x50.png,community/202310/1699236277563-1699236277693.png!30x30.png", "province": "", "screen_name": "\u58f9\u624b\u5272", "st_color": "1", "status": 0, "status_count": 779, "step": "null", "truncated": false, "type": "1", "verified": false, "verified_description": "", "verified_type": 0}, "verified": false, "verified_description": "", "verified_realname": false, "verified_type": 0}, "user_id": 9448659612, "view_count": 60438}, "reward_count": 0, "reward_user_count": 0, "rqid": 0, "source": "iPhone", "source_feed": false, "source_link": "http://xueqiu.com/about/mobile-xueqiu", "target": "/9448659612/353615480", "text": "\u56de\u590d<a href=\"https://xueqiu.com/n/\u4e00\u624b\u5929\u5d29\" target=\"_blank\">@\u4e00\u624b\u5929\u5d29</a>: \u4e0d\u7ba1\u4f60\u500d\u4e0e\u4e0d\u4fe1\uff0c\u673a\u5668\u4eba\u8fd8\u5f97\u770b\u7279\u65af\u62c9<img src=\"https://assets.imedao.com/ugc/images/face/emoji_33_face.png?v=1\" title=\"[\u6342\u8138]\" alt=\"[\u6342\u8138]\" height=\"24\" />//<a href=\"https://xueqiu.com/n/\u4e00\u624b\u5929\u5d29\" target=\"_blank\">@\u4e00\u624b\u5929\u5d29</a>:\u56de\u590d<a href=\"https://xueqiu.com/n/\u58f9\u624b\u5272\" target=\"_blank\">@\u58f9\u624b\u5272</a>:\u6ca1\u4e00\u4e2a\u673a\u5668\u4eba\u5168\u662f\u6c7d\u8f66\u96f6\u90e8\u4ef6", "timeBefore": "\u4eca\u5929 12:16", "title": "", "trackJson": "{\"fav_count\":0,\"created_at\":1758341774000,\"reply_count\":1,\"client_name\":\"iPhone\",\"retweet_count\":0,\"reward_count\":0}", "truncated": false, "truncated_by": 0, "type": "", "user": {"allow_all_stock": false, "block_status": 0, "blocking": false, "city": "", "common_count": 0, "description": "", "donate_count": 0, "follow_me": false, "followers_count": 99, "following": false, "fortuneUser": false, "friends_count": 84, "gender": "n", "id": 9448659612, "last_comment_id": 378351557, "last_status_id": 353618202, "photo_domain": "http://xavatar.imedao.com/", "profile": "/9448659612", "profile_image_url": "community/202310/1699236277563-1699236277693.png,community/202310/1699236277563-1699236277693.png!180x180.png,community/202310/1699236277563-1699236277693.png!50x50.png,community/202310/1699236277563-1699236277693.png!30x30.png", "province": "", "screen_name": "\u58f9\u624b\u5272", "st_color": "1", "status": 0, "status_count": 779, "step": "null", "subscribeable": false, "type": "1", "user": {"ability": "\u4e09\u5229\u8c31", "allow_all_stock": false, "anonymous": false, "areaCode": "86", "blocking": false, "city": "", "created_at": 1463066560534, "description": "", "donate_count": 0, "donate_snowcoin": 0, "follow_me": false, "followers_count": 99, "following": false, "friends_count": 84, "gender": "n", "id": 9448659612, "last_comment_id": 378351557, "last_status_id": 353618202, "photo_domain": "http://xavatar.imedao.com/", "profile": "/9448659612", "profile_image_url": "community/202310/1699236277563-1699236277693.png,community/202310/1699236277563-1699236277693.png!180x180.png,community/202310/1699236277563-1699236277693.png!50x50.png,community/202310/1699236277563-1699236277693.png!30x30.png", "province": "", "screen_name": "\u58f9\u624b\u5272", "st_color": "1", "status": 0, "status_count": 779, "step": "null", "truncated": false, "type": "1", "verified": false, "verified_description": "", "verified_type": 0}, "verified": false, "verified_description": "", "verified_realname": false, "verified_type": 0}, "user_id": 9448659612, "view_count": 1183}, {"blocked": false, "blocking": false, "canEdit": true, "commentId": 0, "controversial": false, "created_at": 1758339816000, "description": "<a href=\"https://xueqiu.com/P/ZH1981697\" target=\"_blank\">$NicolaTesla(ZH1981697)$</a> \u6253\u7b97\u628a\u8fd9\u4e2a\u7ec4\u5408\u7279\u65af\u62c9\u7684\u4ed3\u4f4d\u8c03\u6574\u523050% \u4e4b\u540e\u4e0d\u518d\u8c03\u4ed3 \u5269\u4e0b\u768450%\u5206\u6563\u6301\u4ed3 5\u5e74\u540e\u770b\u770b\u5230\u5e95\u662f\u5206\u6563\u6301\u4ed3\u77ed\u7ebf\u4ea4\u6613\u8dd1\u7684\u5feb \u8fd8\u662f\u5355\u540a\u4e00\u53ea\u6536\u76ca\u66f4\u9ad8", "donate_count": 0, "donate_snowcoin": 0, "editable": true, "expend": false, "fav_count": 0, "favorited": false, "flags": 36030033969545217, "hot": false, "id": 353613168, "is_answer": false, "is_bonus": false, "is_refused": false, "is_reward": true, "is_ss_multi_pic": false, "legal_user_visible": false, "like_count": 0, "liked": false, "mark": 0, "pic": "", "promotion_id": 0, "reply_count": 0, "retweet_count": 0, "retweet_status_id": 0, "reward_count": 0, "reward_user_count": 0, "rqid": 0, "source": "iPhone", "source_feed": false, "source_link": "http://xueqiu.com/about/mobile-xueqiu", "target": "/5728421895/353613168", "text": "<a href=\"https://xueqiu.com/P/ZH1981697\" target=\"_blank\">$NicolaTesla(ZH1981697)$</a> \u6253\u7b97\u628a\u8fd9\u4e2a\u7ec4\u5408\u7279\u65af\u62c9\u7684\u4ed3\u4f4d\u8c03\u6574\u523050% \u4e4b\u540e\u4e0d\u518d\u8c03\u4ed3 \u5269\u4e0b\u768450%\u5206\u6563\u6301\u4ed3 5\u5e74\u540e\u770b\u770b\u5230\u5e95\u662f\u5206\u6563\u6301\u4ed3\u77ed\u7ebf\u4ea4\u6613\u8dd1\u7684\u5feb \u8fd8\u662f\u5355\u540a\u4e00\u53ea\u6536\u76ca\u66f4\u9ad8", "timeBefore": "\u4eca\u5929 11:43", "title": "", "trackJson": "{\"fav_count\":0,\"created_at\":1758339816000,\"reply_count\":0,\"client_name\":\"iPhone\",\"retweet_count\":0,\"reward_count\":0}", "truncated": false, "truncated_by": 0, "type": "0", "user": {"allow_all_stock": false, "block_status": 0, "blocking": false, "city": "\u5176\u4ed6", "common_count": 0, "description": "\u5e02\u573a\u552f\u4e00\u4e0d\u53d8\u7684\u662f\u53d8\u5316\uff01 \u5e02\u573a\u6c38\u8fdc\u6709\u673a\u4f1a\uff0c\u4e0d\u8981\u6015\u9519\u8fc7\uff0c\u4e0d\u8981\u820d\u4e0d\u5f97\u5356\uff0c\u4e0d\u8981\u6025\u7740\u4e70\uff0c\u673a\u4f1a\u90fd\u662f\u7b49\u51fa\u6765\u7684\u3002", "donate_count": 0, "follow_me": false, "followers_count": 1211, "following": false, "fortuneUser": false, "friends_count": 448, "gender": "n", "id": 5728421895, "last_comment_id": 378350868, "last_status_id": 353614657, "photo_domain": "http://xavatar.imedao.com/", "profile": "/5728421895", "profile_image_url": "community/20243/1714487607701-1714487608592.jpg,community/20243/1714487607701-1714487608592.jpg!180x180.png,community/20243/1714487607701-1714487608592.jpg!50x50.png,community/20243/1714487607701-1714487608592.jpg!30x30.png", "province": "\u6d77\u5916", "screen_name": "ChangeForever", "st_color": "0", "status": 0, "status_count": 4513, "step": "null", "subscribeable": false, "type": "1", "user": {"allow_all_stock": false, "anonymous": false, "areaCode": "86", "blocking": false, "city": "\u5176\u4ed6", "created_at": 1557292569893, "description": "\u5e02\u573a\u552f\u4e00\u4e0d\u53d8\u7684\u662f\u53d8\u5316\uff01 \u5e02\u573a\u6c38\u8fdc\u6709\u673a\u4f1a\uff0c\u4e0d\u8981\u6015\u9519\u8fc7\uff0c\u4e0d\u8981\u820d\u4e0d\u5f97\u5356\uff0c\u4e0d\u8981\u6025\u7740\u4e70\uff0c\u673a\u4f1a\u90fd\u662f\u7b49\u51fa\u6765\u7684\u3002", "donate_count": 0, "donate_snowcoin": 0, "follow_me": false, "followers_count": 1211, "following": false, "friends_count": 448, "gender": "n", "id": 5728421895, "last_comment_id": 378350868, "last_status_id": 353614657, "photo_domain": "http://xavatar.imedao.com/", "profile": "/5728421895", "profile_image_url": "community/20243/1714487607701-1714487608592.jpg,community/20243/1714487607701-1714487608592.jpg!180x180.png,community/20243/1714487607701-1714487608592.jpg!50x50.png,community/20243/1714487607701-1714487608592.jpg!30x30.png", "province": "\u6d77\u5916", "screen_name": "ChangeForever", "st_color": "0", "status": 0, "status_count": 4513, "step": "null", "truncated": false, "type": "1", "verified": false, "verified_description": "", "verified_type": 0}, "verified": false, "verified_description": "", "verified_realname": false, "verified_type": 0}, "user_id": 5728421895, "view_count": 1991}, {"blocked": false, "blocking": false, "canEdit": true, "commentId": 0, "controversial": false, "created_at": 1758339595000, "description": "<a href=\"https://xueqiu.com/S/TSLA\" target=\"_blank\">$\u7279\u65af\u62c9(TSLA)$</a><br/>\u4e0a\u6b21\u56fd\u5185\u65b0\u80fd\u6e90\u9769\u547d\u662f\u9760\u7279\u65af\u62c9\u5e26\u8def\uff0c\u8fd9\u6b21\u673a\u5668\u4eba\u9769\u547d\u96be\u9053\u53c8\u9760\u7279\u65af\u62c9\uff1f\u4e24\u4e2a\u5927\u4ea7\u4e1a\u7684\u5d1b\u8d77\u90fd\u8981\u9760\u9a6c\u65af\u514b\uff0c\u8001\u9a6c\u662f\u771f\u7684\u4e2d\u56fd\u79d1\u6280\u9886\u8def\u4eba\u4e86<img src=\"https://assets.imedao.com/ugc/images/face/emoji_61_xieyan.png?v=1\" title=\"[\u659c\u773c]\" alt=\"[\u659c\u773c]\" height=\"24\" />", "donate_count": 0, "donate_snowcoin": 0, "editable": true, "expend": false, "fav_count": 0, "favorited": false, "flags": 36030033969545217, "hot": false, "id": 353612888, "is_answer": false, "is_bonus": false, "is_refused": false, "is_reward": true, "is_ss_multi_pic": false, "legal_user_visible": false, "like_count": 2, "liked": false, "mark": 0, "pic": "", "promotion_id": 0, "reply_count": 1, "retweet_count": 0, "retweet_status_id": 0, "reward_count": 0, "reward_user_count": 0, "rqid": 0, "source": "iPhone", "source_feed": false, "source_link": "http://xueqiu.com/about/mobile-xueqiu", "target": "/3970497179/353612888", "text": "<a href=\"https://xueqiu.com/S/TSLA\" target=\"_blank\">$\u7279\u65af\u62c9(TSLA)$</a><br/>\u4e0a\u6b21\u56fd\u5185\u65b0\u80fd\u6e90\u9769\u547d\u662f\u9760\u7279\u65af\u62c9\u5e26\u8def\uff0c\u8fd9\u6b21\u673a\u5668\u4eba\u9769\u547d\u96be\u9053\u53c8\u9760\u7279\u65af\u62c9\uff1f\u4e24\u4e2a\u5927\u4ea7\u4e1a\u7684\u5d1b\u8d77\u90fd\u8981\u9760\u9a6c\u65af\u514b\uff0c\u8001\u9a6c\u662f\u771f\u7684\u4e2d\u56fd\u79d1\u6280\u9886\u8def\u4eba\u4e86<img src=\"https://assets.imedao.com/ugc/images/face/emoji_61_xieyan.png?v=1\" title=\"[\u659c\u773c]\" alt=\"[\u659c\u773c]\" height=\"24\" />", "timeBefore": "\u4eca\u5929 11:39", "title": "", "trackJson": "{\"fav_count\":0,\"created_at\":1758339595000,\"reply_count\":1,\"client_name\":\"iPhone\",\"retweet_count\":0,\"reward_count\":0}", "truncated": false, "truncated_by": 0, "type": "0", "user": {"allow_all_stock": false, "block_status": 0, "blocking": false, "city": "", "common_count": 0, "description": "a\u80a1\u771f\u662f\u4e2a\u4fee\u7f57\u573a", "donate_count": 0, "follow_me": false, "followers_count": 962, "following": false, "fortuneUser": false, "friends_count": 49, "gender": "m", "id": 3970497179, "last_comment_id": 378347747, "last_status_id": 353612888, "photo_domain": "http://xavatar.imedao.com/", "profile": "/3970497179", "profile_image_url": "community/202010/1606325309399-1606325309613.jpg,community/202010/1606325309399-1606325309613.jpg!180x180.png,community/202010/1606325309399-1606325309613.jpg!50x50.png,community/202010/1606325309399-1606325309613.jpg!30x30.png", "province": "", "screen_name": "\u90b5\u5e8403", "st_color": "1", "status": 2, "status_count": 650, "step": "null", "subscribeable": false, "type": "1", "user": {"allow_all_stock": false, "anonymous": false, "areaCode": "86", "blocking": false, "city": "", "created_at": 1551092270161, "description": "a\u80a1\u771f\u662f\u4e2a\u4fee\u7f57\u573a", "donate_count": 0, "donate_snowcoin": 0, "follow_me": false, "followers_count": 962, "following": false, "friends_count": 49, "gender": "m", "id": 3970497179, "last_comment_id": 378347747, "last_status_id": 353612888, "photo_domain": "http://xavatar.imedao.com/", "profile": "/3970497179", "profile_image_url": "community/202010/1606325309399-1606325309613.jpg,community/202010/1606325309399-1606325309613.jpg!180x180.png,community/202010/1606325309399-1606325309613.jpg!50x50.png,community/202010/1606325309399-1606325309613.jpg!30x30.png", "province": "", "screen_name": "\u90b5\u5e8403", "st_color": "1", "status": 2, "status_count": 650, "step": "null", "truncated": false, "type": "1", "verified": false, "verified_description": "", "verified_type": 0}, "verified": false, "verified_description": "", "verified_realname": false, "verified_type": 0}, "user_id": 3970497179, "view_count": 1818}, {"blocked": false, "blocking": false, "canEdit": true, "commentId": 0, "controversial": false, "created_at": 1758339538000, "description": "<a href=\"https://xueqiu.com/S/TSLA\" target=\"_blank\">$\u7279\u65af\u62c9(TSLA)$</a> \u5f53\u6d88\u8d39\u8005\u4e60\u60ef\u4e86robotaxi\u4f4e\u81f32-3\u6298\u7684\u51fa\u884c\u4ef7\u683c\uff0cuber\u4f55\u53bb\u4f55\u4ece\uff1f", "donate_count": 0, "donate_snowcoin": 0, "editable": true, "expend": true, "fav_count": 0, "favorited": false, "firstImg": "https://xqimg.imedao.com/1996533841db6f63f83f0f63.jpg!thumb.jpg", "flags": 36028934457917440, "hot": false, "id": 353612832, "is_answer": false, "is_bonus": false, "is_refused": false, "is_reward": false, "is_ss_multi_pic": false, "legal_user_visible": false, "like_count": 1, "liked": false, "mark": 0, "pic": "https://xqimg.imedao.com/1996533841db6f63f83f0f63.jpg!thumb.jpg", "pic_sizes": [{"height": 1152, "ratio": "1.78", "score": 0, "setHeight": true, "setRatio": true, "setScore": true, "setWidth": true, "width": 2048}], "promotion_id": 0, "reply_count": 1, "retweet_count": 0, "retweet_status_id": 0, "reward_count": 0, "reward_user_count": 0, "rqid": 0, "source": "iPhone", "source_feed": false, "source_link": "http://xueqiu.com/about/mobile-xueqiu", "target": "/3680481262/353612832", "text": "<a href=\"https://xueqiu.com/S/TSLA\" target=\"_blank\">$\u7279\u65af\u62c9(TSLA)$</a> \u5f53\u6d88\u8d39\u8005\u4e60\u60ef\u4e86robotaxi\u4f4e\u81f32-3\u6298\u7684\u51fa\u884c\u4ef7\u683c\uff0cuber\u4f55\u53bb\u4f55\u4ece\uff1f<br/><img class=\"ke_img\" src=\"https://xqimg.imedao.com/1996533841db6f63f83f0f63.jpg!custom.jpg\" />", "timeBefore": "\u4eca\u5929 11:38", "title": "", "trackJson": "{\"fav_count\":0,\"created_at\":1758339538000,\"reply_count\":1,\"client_name\":\"iPhone\",\"retweet_count\":0,\"reward_count\":0}", "truncated": false, "truncated_by": 0, "type": "0", "user": {"allow_all_stock": false, "block_status": 0, "blocking": false, "city": "\u9ec4\u6d66\u533a", "common_count": 0, "description": "\u7eaf\u7cb9\u4e2a\u4eba\u65e0\u804a\u65f6\u80e1\u601d\u4e71\u60f3\u52a0\u4e0a\u5404\u5904\u770b\u5230\u4e00\u4e9b\u597d\u6587\u7ae0\u540e\u62fc\u51d1\u6d82\u9e26\u7684\u968f\u7b14\u3002\u4ec5\u4e3a\u597d\u73a9\u800c\u5df2\uff0c\u52ff\u95ee\u884c\u60c5\uff0c\u52ff\u95ee\u4e2a\u80a1\uff0c\u4e0d\u61c2\uff01", "donate_count": 0, "follow_me": false, "followers_count": 477, "following": false, "fortuneUser": false, "friends_count": 168, "gender": "m", "id": 3680481262, "last_comment_id": 378227486, "last_status_id": 353613122, "photo_domain": "http://xavatar.imedao.com/", "profile": "/3680481262", "profile_image_url": "community/20197/1565849123430-1565849123553.jpg,community/20197/1565849123430-1565849123553.jpg!180x180.png,community/20197/1565849123430-1565849123553.jpg!50x50.png,community/20197/1565849123430-1565849123553.jpg!30x30.png", "province": "\u4e0a\u6d77", "screen_name": "Rickygdj", "st_color": "1", "status": 2, "status_count": 629, "step": "null", "subscribeable": false, "type": "1", "user": {"allow_all_stock": false, "anonymous": false, "areaCode": "86", "blocking": false, "city": "\u9ec4\u6d66\u533a", "created_at": 1526347086828, "description": "\u7eaf\u7cb9\u4e2a\u4eba\u65e0\u804a\u65f6\u80e1\u601d\u4e71\u60f3\u52a0\u4e0a\u5404\u5904\u770b\u5230\u4e00\u4e9b\u597d\u6587\u7ae0\u540e\u62fc\u51d1\u6d82\u9e26\u7684\u968f\u7b14\u3002\u4ec5\u4e3a\u597d\u73a9\u800c\u5df2\uff0c\u52ff\u95ee\u884c\u60c5\uff0c\u52ff\u95ee\u4e2a\u80a1\uff0c\u4e0d\u61c2\uff01", "donate_count": 0, "donate_snowcoin": 0, "follow_me": false, "followers_count": 477, "following": false, "friends_count": 168, "gender": "m", "id": 3680481262, "last_comment_id": 378227486, "last_status_id": 353613122, "photo_domain": "http://xavatar.imedao.com/", "profile": "/3680481262", "profile_image_url": "community/20197/1565849123430-1565849123553.jpg,community/20197/1565849123430-1565849123553.jpg!180x180.png,community/20197/1565849123430-1565849123553.jpg!50x50.png,community/20197/1565849123430-1565849123553.jpg!30x30.png", "province": "\u4e0a\u6d77", "screen_name": "Rickygdj", "st_color": "1", "status": 2, "status_count": 629, "step": "null", "truncated": false, "type": "1", "verified": false, "verified_description": "", "verified_type": 0}, "verified": false, "verified_description": "", "verified_realname": false, "verified_type": 0}, "user_id": 3680481262, "view_count": 1878}, {"blocked": false, "blocking": false, "canEdit": true, "commentId": 0, "controversial": false, "created_at": 1758339002000, "description": "\u6765\u6e90\uff1a\u73af\u7403\u5e02\u573a\u64ad\u62a5<br/>\u3000\u3000\u4e9a\u5229\u6851\u90a3\u5dde\u4ea4\u901a\u90e8\u95e8\u5f53\u5730\u65f6\u95f4\u5468\u4e94\u8868\u793a\uff0c\u7279\u65af\u62c9\u5df2\u83b7\u5f97\u6279\u51c6\uff0c\u53ef\u5728\u8be5\u5dde\u6d4b\u8bd5\u914d\u5907\u5b89\u5168\u76d1\u7763\u5458\u7684\u5168\u81ea\u52a8\u9a7e\u9a76\u673a\u5668\u4eba\u51fa\u79df\u8f66\u3002<br/> \u3000\u3000\u4e9a\u5229\u6851\u90a3\u5dde\u4ea4\u901a\u90e8\u95e8\u5728\u90ae\u4ef6\u4e2d\u79f0\uff0c\u7279\u65af\u62c9\u5df2\u4e8e6\u6708\u7533\u8bf7\u81ea\u52a8\u9a7e\u9a76\u6c7d\u8f66\u62fc\u8f66\u670d\u52a1\u7684\u6d4b\u8bd5\u8bb8\u53ef\uff0c\u76ee\u524d\u8ba1\u5212\u5728\u51e4\u51f0\u57ce\u5927\u90fd\u5e02\u533a\uff08Phoenix Metro area\uff09\u4f7f\u7528\u914d\u5907...", "donate_count": 0, "donate_snowcoin": 0, "editable": true, "expend": true, "fav_count": 0, "favorited": false, "flags": 36028934491471872, "hot": false, "id": 353612184, "is_answer": false, "is_bonus": false, "is_refused": false, "is_reward": false, "is_ss_multi_pic": false, "legal_user_visible": false, "like_count": 0, "liked": false, "mark": 0, "pic": "", "promotion_id": 0, "reply_count": 0, "retweet_count": 0, "retweet_status_id": 0, "reward_count": 0, "reward_user_count": 0, "rqid": 0, "source": "\u96ea\u7403", "source_feed": false, "target": "/3338215700/353612184", "text": "<p>\u6765\u6e90\uff1a\u73af\u7403\u5e02\u573a\u64ad\u62a5</p><p>\u3000\u3000\u4e9a\u5229\u6851\u90a3\u5dde\u4ea4\u901a\u90e8\u95e8\u5f53\u5730\u65f6\u95f4\u5468\u4e94\u8868\u793a\uff0c\u7279\u65af\u62c9\u5df2\u83b7\u5f97\u6279\u51c6\uff0c\u53ef\u5728\u8be5\u5dde\u6d4b\u8bd5\u914d\u5907\u5b89\u5168\u76d1\u7763\u5458\u7684\u5168\u81ea\u52a8\u9a7e\u9a76\u673a\u5668\u4eba\u51fa\u79df\u8f66\u3002</p> <p>\u3000\u3000\u4e9a\u5229\u6851\u90a3\u5dde\u4ea4\u901a\u90e8\u95e8\u5728\u90ae\u4ef6\u4e2d\u79f0\uff0c\u7279\u65af\u62c9\u5df2\u4e8e6\u6708\u7533\u8bf7\u81ea\u52a8\u9a7e\u9a76\u6c7d\u8f66\u62fc\u8f66\u670d\u52a1\u7684\u6d4b\u8bd5\u8bb8\u53ef\uff0c\u76ee\u524d\u8ba1\u5212\u5728\u51e4\u51f0\u57ce\u5927\u90fd\u5e02\u533a\uff08Phoenix Metro area\uff09\u4f7f\u7528\u914d\u5907\u5b89\u5168\u9a7e\u9a76\u5458\u7684\u8f66\u8f86\u6d4b\u8bd5\u673a\u5668\u4eba\u51fa\u79df\u8f66\u3002</p> <p>\u3000\u3000\u7279\u65af\u62c9\u5c1a\u672a\u56de\u5e94\u7f6e\u8bc4\u8bf7\u6c42\u3002\u76ee\u524d\u5c1a\u4e0d\u6e05\u695a\u6d4b\u8bd5\u5c06\u4e8e\u4f55\u65f6\u542f\u52a8\uff0c\u4ee5\u53ca\u5c06\u6301\u7eed\u591a\u4e45\u3002</p> <p>\u3000\u3000\u7279\u65af\u62c9\u9996\u5e2d\u6267\u884c\u5b98\u57c3\u9686\u30fb\u9a6c\u65af\u514b\u6b64\u524d\u66fe\u8868\u793a\uff0c\u8ba1\u5212\u5728\u4eca\u5e74\u5e74\u5e95\u524d\uff0c\u5411\u7ea6\u4e00\u534a\u7684\u7f8e\u56fd\u4eba\u53e3\u63a8\u51fa\u5168\u81ea\u52a8\u9a7e\u9a76\u7f51\u7ea6\u8f66\u670d\u52a1\u3002</p>", "timeBefore": "\u4eca\u5929 11:30", "title": "\u7279\u65af\u62c9\u83b7\u51c6\u5728\u4e9a\u5229\u6851\u90a3\u5dde\u6d4b\u8bd5\u5168\u81ea\u52a8\u9a7e\u9a76\u673a\u5668\u4eba\u51fa\u79df\u8f66", "trackJson": "{\"fav_count\":0,\"created_at\":1758339002000,\"reply_count\":0,\"client_name\":\"\u96ea\u7403\",\"retweet_count\":0,\"reward_count\":0}", "truncated": false, "truncated_by": 0, "type": "3", "user": {"allow_all_stock": false, "block_status": 0, "blocking": false, "city": "\u6d77\u6dc0\u533a", "common_count": 0, "description": "\u65b0\u6d6a\u8d22\u7ecf\u662f\u4e00\u5bb6\u521b\u5efa\u4e8e1999\u5e748\u6708\u7684\u8d22\u7ecf\u5e73\u53f0\uff0c\u7ecf\u8fc720\u4f59\u5e74\u7684\u53d1\u5c55\u58ee\u5927\uff0c\u5df2\u7ecf\u6210\u4e3a\u5168\u7403\u534e\u4eba\u7684\u9996\u9009\u8d22\u7ecf\u95e8\u6237\u3002\u65b0\u6d6a\u8d22\u7ecf\u5728\u8d22\u7ecf\u7c7b\u7f51\u7ad9\u4e2d\u5360\u6709\u8d85\u8fc7\u4e09\u5206\u4e4b\u4e00\u7684\u5e02\u573a\u4efd\u989d\uff0c\u59cb\u7ec8\u4fdd\u6301\u7edd\u5bf9\u9886\u5148\u4f18\u52bf\uff0c\u5e02\u573a\u5360\u6709\u7387\u4e3a\u7b2c\u4e8c\u540d\u7684\u4e09\u500d\u3002", "donate_count": 0, "follow_me": false, "followers_count": 2856, "following": false, "fortuneUser": false, "friends_count": 0, "gender": "n", "id": 3338215700, "last_comment_id": 0, "last_status_id": 353621549, "photo_domain": "http://xavatar.imedao.com/", "profile": "/3338215700", "profile_image_url": "community/20246/1721970315529-1721970315644.png,community/20246/1721970315529-1721970315644.png!180x180.png,community/20246/1721970315529-1721970315644.png!50x50.png,community/20246/1721970315529-1721970315644.png!30x30.png", "province": "\u5317\u4eac", "screen_name": "\u65b0\u6d6a\u8d22\u7ecf", "st_color": "1", "status": 0, "status_count": 27537, "step": "null", "subscribeable": false, "type": "1", "user": {"allow_all_stock": false, "anonymous": false, "areaCode": "86", "blocking": false, "city": "\u6d77\u6dc0\u533a", "created_at": 1721970180121, "description": "\u65b0\u6d6a\u8d22\u7ecf\u662f\u4e00\u5bb6\u521b\u5efa\u4e8e1999\u5e748\u6708\u7684\u8d22\u7ecf\u5e73\u53f0\uff0c\u7ecf\u8fc720\u4f59\u5e74\u7684\u53d1\u5c55\u58ee\u5927\uff0c\u5df2\u7ecf\u6210\u4e3a\u5168\u7403\u534e\u4eba\u7684\u9996\u9009\u8d22\u7ecf\u95e8\u6237\u3002\u65b0\u6d6a\u8d22\u7ecf\u5728\u8d22\u7ecf\u7c7b\u7f51\u7ad9\u4e2d\u5360\u6709\u8d85\u8fc7\u4e09\u5206\u4e4b\u4e00\u7684\u5e02\u573a\u4efd\u989d\uff0c\u59cb\u7ec8\u4fdd\u6301\u7edd\u5bf9\u9886\u5148\u4f18\u52bf\uff0c\u5e02\u573a\u5360\u6709\u7387\u4e3a\u7b2c\u4e8c\u540d\u7684\u4e09\u500d\u3002", "donate_count": 0, "donate_snowcoin": 0, "follow_me": false, "followers_count": 2856, "following": false, "friends_count": 0, "gender": "n", "id": 3338215700, "last_comment_id": 0, "last_status_id": 353621549, "photo_domain": "http://xavatar.imedao.com/", "profile": "/3338215700", "profile_image_url": "community/20246/1721970315529-1721970315644.png,community/20246/1721970315529-1721970315644.png!180x180.png,community/20246/1721970315529-1721970315644.png!50x50.png,community/20246/1721970315529-1721970315644.png!30x30.png", "province": "\u5317\u4eac", "screen_name": "\u65b0\u6d6a\u8d22\u7ecf", "st_color": "1", "status": 0, "status_count": 27537, "step": "null", "truncated": false, "type": "1", "verified": false, "verified_description": "", "verified_infos": [{"verified_desc": "\u5317\u4eac\u65b0\u6d6a\u8d22\u7ecf\u4fe1\u606f\u670d\u52a1\u6709\u9650\u516c\u53f8\u5b98\u65b9\u8d26\u53f7", "verified_type": "4"}], "verified_type": 0}, "verified": false, "verified_description": "", "verified_infos": [{"verified_desc": "\u5317\u4eac\u65b0\u6d6a\u8d22\u7ecf\u4fe1\u606f\u670d\u52a1\u6709\u9650\u516c\u53f8\u5b98\u65b9\u8d26\u53f7", "verified_type": "4"}], "verified_realname": false, "verified_type": 0}, "user_id": 3338215700, "view_count": 3966}, {"blocked": false, "blocking": false, "canEdit": true, "commentId": 0, "controversial": false, "created_at": 1758338618000, "description": "<a href=\"https://xueqiu.com/S/SZ002249\" target=\"_blank\">$\u5927\u6d0b\u7535\u673a(SZ002249)$</a><br/>F \u5c0f\u7c73\u548c\u7279\u65af\u62c9\u7535\u673a\u5dee\u5f02\u6709\u591a\u5927\uff1f<br/>.<br/>1. \u7ed3\u6784\u8bbe\u8ba1\u5dee\u5f02<br/>\u7279\u65af\u62c9\u7535\u673a\uff1a<br/>\u78b3\u7ea4\u7ef4\u8f6c\u5b50\u5957\u7b52\uff1a\u8fd9\u662f\u7279\u65af\u62c9\u7535\u673a\u7684\u4e00\u5927\u6807\u5fd7\u6027\u521b\u65b0\u3002\u4e3a\u4e86\u5b9e\u73b0\u8d85\u9ad8\u8f6c\u901f\uff0c\u8f6c\u5b50\u4f1a\u627f\u53d7\u5de8\u5927\u7684\u79bb\u5fc3\u529b\u3002\u7279\u65af\u62c9\u6ca1\u6709\u91c7\u7528\u4f20\u7edf\u4e14\u6210\u672c\u9ad8\u6602\u7684\u5408\u91d1\u62a4\u5957\uff0c\u800c\u662f\u5728\u8f6c\u5b50\u5916\u90e8\u5305\u88f9\u4e86\u4e00\u5c42\u78b3\u7ea4\u7ef4\u6750\u6599\u3002\u78b3\u7ea4\u7ef4...", "donate_count": 0, "donate_snowcoin": 0, "editable": true, "expend": true, "fav_count": 0, "favorited": false, "flags": 36030033969545216, "hot": false, "id": 353611718, "is_answer": false, "is_bonus": false, "is_refused": false, "is_reward": false, "is_ss_multi_pic": false, "legal_user_visible": false, "like_count": 0, "liked": false, "mark": 0, "pic": "", "promotion_id": 0, "reply_count": 0, "retweet_count": 0, "retweet_status_id": 0, "reward_count": 0, "reward_user_count": 0, "rqid": 0, "source": "Android", "source_feed": false, "source_link": "http://xueqiu.com/about/mobile-xueqiu", "target": "/2697947424/353611718", "text": "<a href=\"https://xueqiu.com/S/SZ002249\" target=\"_blank\">$\u5927\u6d0b\u7535\u673a(SZ002249)$</a><br/>F \u5c0f\u7c73\u548c\u7279\u65af\u62c9\u7535\u673a\u5dee\u5f02\u6709\u591a\u5927\uff1f<br/>.<br/>1. \u7ed3\u6784\u8bbe\u8ba1\u5dee\u5f02<br/>\u7279\u65af\u62c9\u7535\u673a\uff1a<br/>\u78b3\u7ea4\u7ef4\u8f6c\u5b50\u5957\u7b52\uff1a\u8fd9\u662f\u7279\u65af\u62c9\u7535\u673a\u7684\u4e00\u5927\u6807\u5fd7\u6027\u521b\u65b0\u3002\u4e3a\u4e86\u5b9e\u73b0\u8d85\u9ad8\u8f6c\u901f\uff0c\u8f6c\u5b50\u4f1a\u627f\u53d7\u5de8\u5927\u7684\u79bb\u5fc3\u529b\u3002\u7279\u65af\u62c9\u6ca1\u6709\u91c7\u7528\u4f20\u7edf\u4e14\u6210\u672c\u9ad8\u6602\u7684\u5408\u91d1\u62a4\u5957\uff0c\u800c\u662f\u5728\u8f6c\u5b50\u5916\u90e8\u5305\u88f9\u4e86\u4e00\u5c42\u78b3\u7ea4\u7ef4\u6750\u6599\u3002\u78b3\u7ea4\u7ef4\u5f3a\u5ea6\u6781\u9ad8\u3001\u91cd\u91cf\u6781\u8f7b\uff0c\u80fd\u6709\u6548\u675f\u7f1a\u8f6c\u5b50\uff0c\u9632\u6b62\u5176\u5728\u9ad8\u8f6c\u901f\u4e0b\u53d8\u5f62\u6216\u6495\u88c2\uff0c\u540c\u65f6\u964d\u4f4e\u4e86\u8f6c\u5b50\u7684\u8f6c\u52a8\u60ef\u91cf\u3002<br/>\u96c6\u6210\u5316\u8bbe\u8ba1\uff1a\u7535\u673a\u3001\u7535\u673a\u63a7\u5236\u5668\u3001\u51cf\u901f\u5668\u9ad8\u5ea6\u96c6\u6210\uff0c\u7ed3\u6784\u7d27\u51d1\uff0c\u5229\u4e8e\u6574\u8f66\u5e03\u5c40\u548c\u8f7b\u91cf\u5316\u3002<br/>.<br/>.<br/>\u5c0f\u7c73\u7535\u673a\uff1a<br/>\u53cc\u5411\u5168\u6cb9\u51b7\u6563\u70ed\u6280\u672f\uff1a\u5c0f\u7c73\u7535\u673a\u7684\u5ba3\u4f20\u91cd\u70b9\u5728\u4e8e\u6563\u70ed\u7cfb\u7edf\u3002\u5176\u521b\u65b0\u70b9\u5728\u4e8e\u8bbe\u8ba1\u4e86\u590d\u6742\u7684\u6cb9\u8def\uff0c\u8ba9\u51b7\u5374\u6cb9\u4e0d\u4ec5\u80fd\u4ece\u5916\u58f3\u548c\u5b9a\u5b50\u94c1\u82af\u5916\u90e8\u51b7\u5374\uff0c\u8fd8\u80fd\u76f4\u63a5\u6ce8\u5165\u7535\u673a\u5185\u90e8\uff0c\u5bf9\u8f6c\u5b50\u78c1\u94a2\u548c\u5b9a\u5b50\u7aef\u90e8\u8fdb\u884c\u76f4\u63a5\u3001\u7acb\u4f53\u7684\u51b7\u5374\uff08\u79f0\u4e3a\u201c\u53cc\u6a21\u7acb\u4f53\u6cb9\u51b7\u201d\uff09\u3002V8s\u7535\u673a\u66f4\u662f\u91c7\u7528\u4e86\u201cS\u578b\u7acb\u4f53\u6cb9\u8def\u8bbe\u8ba1\u201d\uff0c\u8fdb\u4e00\u6b65\u63d0\u5347\u4e86\u6563\u70ed\u6548\u7387\u3002<br/>\u7845\u94a2\u7247\u6750\u6599\uff1a\u5c0f\u7c73V8s\u7535\u673a\u5ba3\u79f0\u91c7\u7528\u4e86\u4e1a\u754c\u6700\u9ad8\u7b49\u7ea7\u76840.2mm\u8d85\u8584\u7845\u94a2\u7247\uff0c\u80fd\u51cf\u5c11\u6da1\u6d41\u635f\u8017\uff0c\u63d0\u5347\u6548\u7387\uff0c\u7279\u522b\u662f\u5728\u9ad8\u8f6c\u901f\u533a\u95f4\u7684\u6548\u7387\u3002<br/>2. \u6027\u80fd\u7279\u70b9\u5dee\u5f02<br/>\u7279\u65af\u62c9\u7535\u673a\uff1a<br/>\u9ad8\u6548\u7387\u533a\u95f4\u5e7f\uff1a\u5f97\u76ca\u4e8e\u6c38\u78c1\u540c\u6b65\u7535\u673a\u5929\u751f\u7684\u9ad8\u6548\u7387\u7279\u6027\u548c\u4f18\u5316\u7684\u7535\u78c1\u8bbe\u8ba1\uff0c\u7279\u65af\u62c9\u7535\u673a\u5728\u5e38\u7528\u7684\u4e2d\u4f4e\u901f\u533a\u95f4\u62e5\u6709\u6781\u9ad8\u7684\u6548\u7387\uff0c\u8fd9\u662f\u5176\u7eed\u822a\u91cc\u7a0b\u957f\u7684\u5173\u952e\u4e4b\u4e00\u3002<br/>\u6027\u80fd\u5747\u8861\u53ef\u9760\uff1a\u5176\u6027\u80fd\u8c03\u6821\u66f4\u6ce8\u91cd\u65e5\u5e38\u9a7e\u9a76\u7684\u5e73\u987a\u6027\u3001\u53ef\u9760\u6027\u548c\u80fd\u8017\u63a7\u5236\uff0c\u800c\u975e\u8ffd\u6c42\u6781\u81f4\u7684\u5cf0\u503c\u529f\u7387\u3002\u5b83\u7684\u4f18\u52bf\u5728\u4e8e\u6301\u7eed\u8f93\u51fa\u80fd\u529b\u5f3a\u548c\u7cfb\u7edf\u6548\u7387\u9ad8\u3002<br/>.<br/>.<br/>\u5c0f\u7c73\u7535\u673a\uff1a<br/>\u6781\u9ad8\u7684\u5cf0\u503c\u529f\u7387\u548c\u8f6c\u901f\uff1a\u5c0f\u7c73\u7535\u673a\u7684\u8bbe\u8ba1\u76ee\u6807\u975e\u5e38\u660e\u786e\u2014\u2014\u8ffd\u6c42\u6781\u81f4\u7684\u6027\u80fd\u6570\u636e\u3002V6\u7535\u673a\u8f6c\u901f\u8fbe21,000rpm\uff0cV8s\u66f4\u662f\u9ad8\u8fbe27,200rpm\u3002\u9ad8\u8f6c\u901f\u662f\u5b9e\u73b0\u9ad8\u529f\u7387\u5bc6\u5ea6\u7684\u5173\u952e\uff08\u529f\u7387=\u626d\u77e9\u00d7\u8f6c\u901f\uff09\u3002<br/>\u6563\u70ed\u80fd\u529b\u51b3\u5b9a\u5cf0\u503c\u6027\u80fd\uff1a\u7535\u673a\u6027\u80fd\u7684\u74f6\u9888\u5f80\u5f80\u662f\u6563\u70ed\u3002\u5c0f\u7c73\u5f3a\u5927\u7684\u5168\u6cb9\u51b7\u7cfb\u7edf\u4fdd\u8bc1\u4e86\u7535\u673a\u5728\u77ed\u65f6\u95f4\u5185\u53ef\u4ee5\u591a\u6b21\u7206\u53d1\u6781\u9ad8\u6027\u80fd\u800c\u4e0d\u8fc7\u70ed\u8870\u51cf\uff0c\u8fd9\u5bf9\u4e8e\u8ffd\u6c42\u96f6\u767e\u52a0\u901f\u3001\u8d5b\u9053\u5708\u901f\u7b49\u77ed\u65f6\u3001\u6781\u9650\u6027\u80fd\u7684\u573a\u666f\u81f3\u5173\u91cd\u8981\u3002<br/>\u9ad8\u529f\u7387\u5bc6\u5ea6\uff1a\u5c0f\u7c73V8s\u7535\u673a\u5ba3\u79f0\u529f\u7387\u5bc6\u5ea6\u8fbe10.14kW/kg\uff0c\u8fd9\u662f\u4e00\u4e2a\u975e\u5e38\u9886\u5148\u7684\u6570\u5b57\uff0c\u610f\u5473\u7740\u5728\u66f4\u5c0f\u3001\u66f4\u8f7b\u7684\u91cd\u91cf\u4e0b\u80fd\u8f93\u51fa\u66f4\u5927\u7684\u529f\u7387\u3002<br/>.<br/>3. \u6280\u672f\u8def\u5f84\u4e0e\u54f2\u5b66\u5dee\u5f02<br/>\u7279\u65af\u62c9\uff1a\u8d70\u7684\u662f\u6750\u6599\u79d1\u5b66\u548c\u7cfb\u7edf\u96c6\u6210\u7684\u8def\u7ebf\u3002\u901a\u8fc7\u4e00\u79cd\u9769\u547d\u6027\u7684\u6750\u6599\uff08\u78b3\u7ea4\u7ef4\uff09\u89e3\u51b3\u9ad8\u8f6c\u901f\u8f6c\u5b50\u7684\u7269\u7406\u74f6\u9888\uff0c\u601d\u8def\u76f4\u63a5\u4e14\u9ad8\u6548\uff0c\u4f46\u78b3\u7ea4\u7ef4\u7684\u5e94\u7528\u5de5\u827a\u590d\u6742\u3002\u5176\u6280\u672f\u54f2\u5b66\u662f\u201c\u7528\u521b\u65b0\u6750\u6599\u89e3\u51b3\u6839\u672c\u95ee\u9898\uff0c\u5b9e\u73b0\u5927\u89c4\u6a21\u751f\u4ea7\u4e0b\u7684\u9ad8\u6027\u80fd\u4e0e\u4f4e\u6210\u672c\u201d\u3002<br/>\u5c0f\u7c73\uff1a\u8d70\u7684\u662f\u7cbe\u5bc6\u8bbe\u8ba1\u4e0e\u70ed\u7ba1\u7406\u7684\u8def\u7ebf\u3002\u5728\u4f20\u7edf\u7535\u673a\u6750\u6599\u4f53\u7cfb\u5185\uff0c\u901a\u8fc7\u6781\u5176\u7cbe\u7ec6\u7684\u6563\u70ed\u7cfb\u7edf\u8bbe\u8ba1\uff08\u6cb9\u8def\uff09\u6765\u7a81\u7834\u6027\u80fd\u5929\u82b1\u677f\u3002\u5176\u6280\u672f\u54f2\u5b66\u662f\u201c\u5728\u6210\u719f\u4f53\u7cfb\u5185\u901a\u8fc7\u6781\u81f4\u4f18\u5316\u548c\u5de5\u7a0b\u521b\u65b0\uff0c\u5b9e\u73b0\u53c2\u6570\u4e0a\u7684\u8de8\u8d8a\u5f0f\u9886\u5148\u201d\u3002<br/>.<br/>\u603b\u7ed3<br/>\u7279\u65af\u62c9\u7535\u673a \u50cf\u4e00\u4e2a\u9a6c\u62c9\u677e\u9009\u624b\uff1a\u62e5\u6709\u6781\u9ad8\u7684\u5e73\u5747\u6548\u7387\uff08\u7eed\u822a\uff09\uff0c\u8eab\u4f53\u673a\u80fd\uff08\u7cfb\u7edf\uff09\u975e\u5e38\u5747\u8861\u53ef\u9760\uff0c\u80fd\u6301\u7eed\u7a33\u5b9a\u5730\u8f93\u51fa\uff0c\u5176\u6838\u5fc3\u88c5\u5907\uff08\u78b3\u7ea4\u7ef4\uff09\u662f\u4e3a\u4e86\u89e3\u51b3\u957f\u8ddd\u79bb\u5954\u8dd1\u4e2d\u7684\u67d0\u4e2a\u5173\u952e\u74f6\u9888\u3002<br/>\u5c0f\u7c73\u7535\u673a \u50cf\u4e00\u4e2a\u77ed\u8dd1\u5065\u5c06\uff1a\u62e5\u6709\u60ca\u4eba\u7684\u7206\u53d1\u529b\uff08\u52a0\u901f\uff09\uff0c\u88c5\u5907\u4e86\u9876\u7ea7\u7684\u51b7\u5374\u7cfb\u7edf\uff08\u6563\u70ed\u670d\uff09\uff0c\u80fd\u5728\u77ed\u65f6\u95f4\u5185\u7206\u53d1\u51fa\u6781\u9650\u901f\u5ea6\uff0c\u4f46\u53ef\u80fd\u4e0d\u90a3\u4e48\u6ce8\u91cd\u5168\u7a0b\u7684\u80fd\u8017\u7ba1\u7406\u3002", "timeBefore": "\u4eca\u5929 11:23", "title": "", "trackJson": "{\"fav_count\":0,\"created_at\":1758338618000,\"reply_count\":0,\"client_name\":\"Android\",\"retweet_count\":0,\"reward_count\":0}", "truncated": false, "truncated_by": 0, "type": "2", "user": {"allow_all_stock": false, "block_status": 0, "blocking": false, "city": "\u4e0d\u9650", "common_count": 0, "description": "\u8de8\u884c\u4e1a\u5e72\u4e8b\u3002\n\n\u62dc\u5b59\u5b50\u542f\u8fea\uff0c\u6295\u8d44\u9996\u5148\u987b\u7ecf\u4e4b\u4ee5\u4e94\u4e8b\uff0c\u8f83\u4e4b\u4ee5\u8ba1\uff0c\u800c\u7d22\u5176\u60c5\u3002 \u7740\u773c\u4e45\u957f\u8005\uff0c\u5982\u7c9f+1\uff1b \u7a76\u5176\u6df1\u539a\u8005\uff0c\u7c7b\u7a3b+2\uff1b \u7eed\u7f13\u56fe\u4e4b\u8005\uff0c\u4f3c\u9ea6+3\uff1b \u6ce2\u6f9c\u4e0d\u60ca\u8005\uff0c\u8dc3\u7a7a+4\uff1b \u5386\u6691\u7ecf\u5bd2\u8005\uff0c\u8de8\u65f6 +5 \u3002", "donate_count": 0, "follow_me": false, "followers_count": 514, "following": false, "fortuneUser": false, "friends_count": 262, "gender": "m", "id": 2697947424, "last_comment_id": 378277481, "last_status_id": 353611718, "photo_domain": "http://xavatar.imedao.com/", "profile": "/2697947424", "profile_image_url": "community/20230/1672981882439-1672981882605.jpeg,community/20230/1672981882439-1672981882605.jpeg!180x180.png,community/20230/1672981882439-1672981882605.jpeg!50x50.png,community/20230/1672981882439-1672981882605.jpeg!30x30.png", "province": "\u5317\u4eac", "screen_name": "\u8d70\u5c11\u6570\u4eba\u7684\u8def", "st_color": "1", "status": 0, "status_count": 549, "step": "null", "subscribeable": false, "type": "1", "user": {"allow_all_stock": false, "anonymous": false, "areaCode": "86", "blocking": false, "city": "\u4e0d\u9650", "created_at": 1446101264738, "description": "\u8de8\u884c\u4e1a\u5e72\u4e8b\u3002\n\n\u62dc\u5b59\u5b50\u542f\u8fea\uff0c\u6295\u8d44\u9996\u5148\u987b\u7ecf\u4e4b\u4ee5\u4e94\u4e8b\uff0c\u8f83\u4e4b\u4ee5\u8ba1\uff0c\u800c\u7d22\u5176\u60c5\u3002 \u7740\u773c\u4e45\u957f\u8005\uff0c\u5982\u7c9f+1\uff1b \u7a76\u5176\u6df1\u539a\u8005\uff0c\u7c7b\u7a3b+2\uff1b \u7eed\u7f13\u56fe\u4e4b\u8005\uff0c\u4f3c\u9ea6+3\uff1b \u6ce2\u6f9c\u4e0d\u60ca\u8005\uff0c\u8dc3\u7a7a+4\uff1b \u5386\u6691\u7ecf\u5bd2\u8005\uff0c\u8de8\u65f6 +5 \u3002", "donate_count": 0, "donate_snowcoin": 0, "follow_me": false, "followers_count": 514, "following": false, "friends_count": 262, "gender": "m", "id": 2697947424, "last_comment_id": 378277481, "last_status_id": 353611718, "photo_domain": "http://xavatar.imedao.com/", "profile": "/2697947424", "profile_image_url": "community/20230/1672981882439-1672981882605.jpeg,community/20230/1672981882439-1672981882605.jpeg!180x180.png,community/20230/1672981882439-1672981882605.jpeg!50x50.png,community/20230/1672981882439-1672981882605.jpeg!30x30.png", "province": "\u5317\u4eac", "screen_name": "\u8d70\u5c11\u6570\u4eba\u7684\u8def", "st_color": "1", "status": 0, "status_count": 549, "step": "null", "truncated": false, "type": "1", "verified": false, "verified_description": "", "verified_type": 0}, "verified": false, "verified_description": "", "verified_realname": false, "verified_type": 0}, "user_id": 2697947424, "view_count": 2562}], "maxPage": 100, "page": 2, "q": "TSLA", "query_id": 1969286310179516416, "recommend_cards": []}